total_commits,n_authors,gini_commits,hhi_commits,top1_share,top5_share,top10_share,bus_factor_80pct,owner_repo
57,2,0.4649122807017543,0.9322868574946137,0.9649122807017544,1.0,1.0,1,Conflux-Chain/conflux-evm-bridge
120,4,0.7125,0.9037499999999999,0.95,1.0,1.0,1,iExecBlockchainComputing/iexec-solidity
180,21,0.7513227513227514,0.41030864197530864,0.6277777777777778,0.8388888888888889,0.9166666666666666,4,status-im/nimqml
137,7,0.4942648592283629,0.26879428845436626,0.41605839416058393,0.948905109489051,1.0,3,axieinfinity/bridge-v2
77,9,0.6204906204906204,0.3398549502445606,0.5324675324675324,0.922077922077922,1.0,3,dfinity/hardware-wallet-cli
5,2,0.10000000000000009,0.52,0.6,1.0,1.0,2,tezos/tezos-explorer
7,1,0.0,1.0,1.0,1.0,1.0,1,Consensys/react-ethereum
84,8,0.6041666666666666,0.33758503401360546,0.5238095238095238,0.9523809523809523,1.0,3,cartesi/machine-tests
32,4,0.34375,0.345703125,0.46875,1.0,1.0,3,maticnetwork/maticjs-ethers
20,8,0.4,0.205,0.35,0.85,1.0,4,duneanalytics/dune-v1-abstractions
55,3,0.35151515151515156,0.4737190082644628,0.5818181818181818,1.0,1.0,2,MetaMask/snaps-simulator
74,27,0.5055055055055055,0.1004382761139518,0.21621621621621623,0.5945945945945946,0.7432432432432432,13,curvefi/curve-external-integrations
12,3,0.4444444444444445,0.5972222222222222,0.75,1.0,1.0,2,status-im/nim-eth-contracts
4,2,0.25,0.625,0.75,1.0,1.0,2,thetatoken/theta-nft-demo
21,2,0.45238095238095233,0.909297052154195,0.9523809523809523,1.0,1.0,1,coti-io/cvi-contracts
85,14,0.5252100840336135,0.1645674740484429,0.32941176470588235,0.7411764705882353,0.9529411764705882,6,MetaMask/json-rpc-middleware-stream
32,3,0.3125,0.470703125,0.5,1.0,1.0,2,smartcontractkit/hello_chainlink
9,1,0.0,1.0,1.0,1.0,1.0,1,crytic/amarna-action
395,11,0.703337169159954,0.3108283928857555,0.4759493670886076,0.9645569620253165,0.9974683544303797,3,paritytech/command-bot
295,18,0.6871939736346516,0.20142487790864694,0.3525423728813559,0.8338983050847457,0.9491525423728814,5,MetaMask/snap-simple-keyring
101,9,0.616061606160616,0.29810802862464464,0.42574257425742573,0.9306930693069307,1.0,3,solana-labs/metaplex
14,1,0.0,1.0,1.0,1.0,1.0,1,solana-labs/rust-bpf-builder
36,12,0.4259259259259259,0.14969135802469136,0.2777777777777778,0.7222222222222222,0.9444444444444444,7,fetchai/genesis-launch
16,4,0.375,0.390625,0.5625,1.0,1.0,3,ethereum/go-build
59,3,0.3163841807909605,0.4691180695202528,0.5084745762711864,1.0,1.0,2,decred/dcrseeder
111,17,0.5405405405405406,0.13334956578199822,0.24324324324324326,0.6936936936936937,0.9279279279279279,7,maidsafe/xor_name
8,2,0.0,0.5,0.5,1.0,1.0,2,algorand/tealviewer
268,12,0.6983830845771144,0.27472711071508127,0.4141791044776119,0.9440298507462687,0.9925373134328358,3,ethereum/asyncio-cancel-token
846,67,0.6829328534631806,0.058048164355694154,0.11347517730496454,0.4716312056737589,0.6773049645390071,18,smartcontractkit/operator-ui
14,4,0.5357142857142857,0.6326530612244897,0.7857142857142857,1.0,1.0,2,ChainSafe/ethermint-deploy
38,2,0.44736842105263164,0.9002770083102491,0.9473684210526315,1.0,1.0,1,ewasm/sentinel-rs
408,14,0.726890756302521,0.2558030565167243,0.33578431372549017,0.9485294117647058,0.9901960784313726,3,hyperledger/indy-besu
1132,27,0.7010862452558565,0.15107723907153292,0.2588339222614841,0.7111307420494699,0.8860424028268551,8,rocket-pool/RPIPs
27,2,0.462962962962963,0.9286694101508914,0.9629629629629629,1.0,1.0,1,iotaledger/iota-identity-tutorial
40,5,0.33000000000000007,0.2825,0.425,1.0,1.0,3,cosmos/registry
5,2,0.30000000000000004,0.6800000000000002,0.8,1.0,1.0,1,nanocurrency/nano-whitepaper
8,1,0.0,1.0,1.0,1.0,1.0,1,MetaMask/menpo
388,58,0.7012086740135087,0.12967637368476992,0.32216494845360827,0.595360824742268,0.7371134020618557,15,ethereumclassic/classic-guide
345,10,0.7515942028985507,0.4627179164041168,0.6521739130434783,0.9710144927536232,1.0,2,qtumproject/qtum-bitcore
397,18,0.6925552756787013,0.2251203928709655,0.3904282115869018,0.8438287153652393,0.9345088161209067,5,hyperledger/firefly-evmconnect
19,4,0.5921052631578947,0.7174515235457063,0.8421052631578947,1.0,1.0,1,compound-finance/compound-governance
658,56,0.7205275727312203,0.07278665200801913,0.13069908814589665,0.5212765957446809,0.7462006079027356,12,dashpay/bls-signatures
132,18,0.5875420875420876,0.15140036730945824,0.30303030303030304,0.7424242424242424,0.9090909090909091,7,icon-project/devportal
330,6,0.6909090909090909,0.5113682277318642,0.6242424242424243,0.996969696969697,1.0,2,rocket-pool/rocketpool-js
152,14,0.5620300751879699,0.16481994459833793,0.2631578947368421,0.8092105263157895,0.9539473684210527,5,energywebfoundation/challenge
84,12,0.41865079365079366,0.12981859410430838,0.19047619047619047,0.75,0.9761904761904762,6,hyperledger/aries-framework-go-ext
69,9,0.4895330112721417,0.2014282713715606,0.30434782608695654,0.9130434782608695,1.0,4,decred/dcrtimegui
1,1,0.0,1.0,1.0,1.0,1.0,1,bittorrent/torrent-web-tools
31,5,0.5161290322580645,0.413111342351717,0.4838709677419355,1.0,1.0,2,nervosnetwork/ckb-production-scripts
205,3,0.5788617886178863,0.7971683521713266,0.8878048780487805,1.0,1.0,1,solana-labs/example-move
35,1,0.0,1.0,1.0,1.0,1.0,1,0xProject/0x-debug
44,1,0.0,1.0,1.0,1.0,1.0,1,paritytech/as-substrate
154,20,0.5155844155844156,0.09782425366840951,0.18181818181818182,0.6103896103896104,0.8831168831168831,9,celo-org/celo-oracle
235,8,0.5792553191489361,0.2800724309642372,0.3659574468085106,0.9659574468085106,1.0,3,fetchai/mettalex-market-maker
10,2,0.10000000000000009,0.52,0.6,1.0,1.0,2,steemit/steem-uri-spec
333,22,0.6591591591591591,0.17872827782737694,0.3663663663663664,0.7147147147147147,0.9009009009009009,7,Synthetixio/synthetix-website
212,11,0.5797598627787307,0.2829743681025276,0.49528301886792453,0.839622641509434,0.9952830188679245,5,gatechain/gatechain-docs
327,9,0.8474345905538567,0.8821086889431304,0.9388379204892966,0.9877675840978594,1.0,1,dfinity/node-motoko
22,1,0.0,1.0,1.0,1.0,1.0,1,gnosis/pydkg
115,5,0.47304347826086957,0.349413988657845,0.4782608695652174,1.0,1.0,3,Consensys/eventsea
77,6,0.6948051948051948,0.6245572609208974,0.7792207792207793,0.987012987012987,1.0,2,makerdao/dss-charter
2020,30,0.6541584158415842,0.09769091265562199,0.1905940594059406,0.6222772277227723,0.844059405940594,9,input-output-hk/catalyst-voices
3,1,0.0,1.0,1.0,1.0,1.0,1,ethereum/solidity.js
147,2,0.4931972789115646,0.9864871118515433,0.9931972789115646,1.0,1.0,1,Consensys/simple-token-sale
4,2,0.25,0.625,0.75,1.0,1.0,2,Consensys/hyperledger-besu-ethers
40,5,0.65,0.6537500000000002,0.8,1.0,1.0,1,prysmaticlabs/gohashtree
112,2,0.4553571428571428,0.9147002551020409,0.9553571428571429,1.0,1.0,1,icon-project/java-score-examples
15,2,0.30000000000000004,0.6800000000000002,0.8,1.0,1.0,1,stratisproject/HashLib
58,3,0.6091954022988505,0.8697978596908442,0.9310344827586207,1.0,1.0,1,HorizenOfficial/zenchat
28,4,0.6428571428571429,0.8010204081632654,0.8928571428571429,1.0,1.0,1,makerdao/dss-lite-psm
272,34,0.6338667820069204,0.09161440311418684,0.17279411764705882,0.6213235294117647,0.8125,10,flashbots/flashbots-writings-website
69,9,0.644122383252818,0.34635580760344464,0.4782608695652174,0.927536231884058,1.0,2,OpenZeppelin/chai-bn
557,13,0.8656262947106753,0.7076026030704369,0.8348294434470377,0.9820466786355476,0.9946140035906643,1,scaffold-eth/buidlguidl-v3
1,1,0.0,1.0,1.0,1.0,1.0,1,matter-labs/z-prize-msm-gpu-combined
39,6,0.5341880341880342,0.34253780407626566,0.46153846153846156,0.9743589743589743,1.0,3,ethereumjs/node-devp2p-dpt
345,9,0.7568438003220612,0.45428271371560597,0.5304347826086957,0.9884057971014493,1.0,2,status-im/ens-usernames
14,2,0.4285714285714286,0.8673469387755102,0.9285714285714286,1.0,1.0,1,vechain/thor-sync
694,9,0.7585654819084213,0.4745617021983406,0.49135446685878964,0.9913544668587896,1.0,2,icon-project/iconex_android
213,9,0.6145018257694315,0.28038969340298436,0.3145539906103286,0.9765258215962441,1.0,3,OpenZeppelin/polkadot-runtime-template
41,3,0.6016260162601625,0.8619869125520524,0.926829268292683,1.0,1.0,1,0xsequence/go-ethauth
44,3,0.30303030303030304,0.44214876033057854,0.5909090909090909,1.0,1.0,2,quantnetwork/blockchain-developer-exercises-foundations
1705,31,0.7481600605429951,0.1271193058195234,0.21524926686217008,0.7167155425219941,0.9331378299120234,6,Fantom-foundation/lachesis-base
24,2,0.45833333333333326,0.9201388888888891,0.9583333333333334,1.0,1.0,1,INFURA/go-libs
141,10,0.7624113475177305,0.5015341280619686,0.6737588652482269,0.9574468085106383,1.0,2,input-output-hk/marlowe-starter-kit
597,38,0.7072643921361191,0.16232755065107785,0.36180904522613067,0.661641541038526,0.7973199329983249,11,decentraland/kernel
510,4,0.5235294117647059,0.49961553248750484,0.5568627450980392,1.0,1.0,2,icon-project/LFT2
214,6,0.7616822429906542,0.7780155472093632,0.8785046728971962,0.9953271028037384,1.0,1,hyperledger/aries-cloudagent-loadgenerator
32,1,0.0,1.0,1.0,1.0,1.0,1,decentraland/dapp-boilerplate
46,4,0.6195652173913043,0.727788279773157,0.8478260869565217,1.0,1.0,1,telcoin/plaid
432,8,0.7309027777777778,0.5035365226337449,0.6828703703703703,0.9861111111111112,1.0,2,ethereum/ddht
9,1,0.0,1.0,1.0,1.0,1.0,1,EOSIO/hackathon-howto-guide
11,2,0.40909090909090917,0.8347107438016528,0.9090909090909091,1.0,1.0,1,matter-labs/hackathon-winner-projects
151,11,0.4214328717639976,0.14205517301872725,0.2119205298013245,0.7682119205298014,0.9933774834437086,6,ChainSafe/as-sha256
62,2,0.4193548387096775,0.851716961498439,0.9193548387096774,1.0,1.0,1,holochain/sodoken
111,4,0.4076576576576577,0.39599058517977437,0.45045045045045046,1.0,1.0,2,ethereum/pytest-ethereum
145,1,0.0,1.0,1.0,1.0,1.0,1,mushroomlabs/fediverser
33,3,0.4444444444444445,0.5775941230486685,0.7272727272727273,1.0,1.0,2,decentraland/decentraland-l2-utils
1126,18,0.8030392737319914,0.3191163804662286,0.4493783303730018,0.933392539964476,0.9849023090586145,3,status-im/ethereumj-personal
25,5,0.592,0.5936,0.76,1.0,1.0,2,Consensys/gkr-mimc
15,3,0.2666666666666666,0.44,0.6,1.0,1.0,2,smartcontractkit/schemas
83,11,0.615553121577218,0.3369139207432138,0.5542168674698795,0.8554216867469879,0.9879518072289156,4,paritytech/unsigned-varint
2,1,0.0,1.0,1.0,1.0,1.0,1,trufflesuite/pet-shop-tutorial
395,35,0.7680289330922242,0.1482775196282647,0.2379746835443038,0.8126582278481013,0.9139240506329114,5,Uniswap/v1-interface
84,6,0.6825396825396824,0.6162131519274378,0.7738095238095238,0.9880952380952381,1.0,2,ewasm/biturbo
62,10,0.635483870967742,0.3340270551508845,0.5161290322580645,0.9032258064516129,1.0,3,terra-money/hive-graph
211,17,0.5564538611653191,0.12481750185305812,0.18009478672985782,0.7440758293838863,0.9383886255924171,6,qtumproject/documents
117,14,0.5500610500610501,0.150997150997151,0.23931623931623933,0.811965811965812,0.9658119658119658,5,maidsafe/safenetwork.tech
7,3,0.38095238095238093,0.5510204081632654,0.7142857142857143,1.0,1.0,2,Zilliqa/Zilliqa-ERC20-Token
76,12,0.6776315789473685,0.3909279778393352,0.6052631578947368,0.8947368421052632,0.9736842105263158,4,OpenZeppelin/defender-serverless
46,3,0.43478260869565216,0.553875236294896,0.6956521739130435,1.0,1.0,2,Phala-Network/phala-docs-old
82,7,0.6759581881533102,0.6183819155264724,0.7804878048780488,0.9634146341463414,1.0,2,dfinity/canister-profiling
100,7,0.48000000000000004,0.2576,0.32,0.96,1.0,3,ProjectOpenSea/wyvern-js
220,13,0.6797202797202797,0.2971900826446281,0.5,0.8863636363636364,0.9818181818181818,4,MetaMask/design-tokens
65,4,0.28076923076923077,0.3178698224852071,0.4153846153846154,1.0,1.0,3,AElfProject/aelf-wallet-ios
189,24,0.6735008818342152,0.23686346966770244,0.4497354497354497,0.7354497354497355,0.873015873015873,8,vyperlang/learn
200,3,0.35333333333333333,0.49785,0.535,1.0,1.0,2,unlock-protocol/locked.fyi
24,2,0.29166666666666674,0.6701388888888888,0.7916666666666666,1.0,1.0,2,0xbitcoin/EIP918-Mineable-Token
25,10,0.396,0.16160000000000002,0.28,0.8,1.0,5,crypto-org-chain/awesome
107,9,0.6500519210799585,0.3159227880164206,0.42990654205607476,0.9532710280373832,1.0,3,trufflesuite/truffle-compile
735,16,0.8635204081632653,0.6773159331759915,0.819047619047619,0.9564625850340136,0.9904761904761905,1,makerdao/mcd-changelog
21,5,0.36190476190476184,0.2879818594104308,0.42857142857142855,1.0,1.0,3,trufflesuite/truffle-init-default
1293,39,0.6822932159359073,0.09778694128476914,0.18097447795823665,0.6365042536736272,0.7927300850734725,11,input-output-hk/cardano-wallet-legacy
62,2,0.33870967741935476,0.729448491155047,0.8387096774193549,1.0,1.0,1,bandprotocol/bandchain.js
12,3,0.11111111111111116,0.3472222222222222,0.4166666666666667,1.0,1.0,3,ethereum/common
401,3,0.48212801330008315,0.6005124346241628,0.7256857855361596,1.0,1.0,2,XYOracleNetwork/sdk-xyo-client-swift
21,3,0.38095238095238093,0.4965986394557823,0.6190476190476191,1.0,1.0,2,ethereum/play
113,8,0.47898230088495575,0.223431748766544,0.2920353982300885,0.9557522123893806,1.0,4,singnet/alpha-dapp
315,10,0.846031746031746,0.8485865457294028,0.9206349206349206,0.9777777777777777,1.0,1,omgnetwork/web-wallet
57,3,0.40935672514619875,0.533394890735611,0.6842105263157895,1.0,1.0,2,Synthetixio/codegen-graph-ts
758,36,0.8213133978305482,0.1961870218113213,0.3641160949868074,0.8364116094986808,0.9472295514511874,5,sushiswap/sushiswap-exchange
599,44,0.7792153589315526,0.1777726372000078,0.3739565943238731,0.7078464106844741,0.8681135225375626,7,iotaledger/cliri
60,5,0.5266666666666666,0.4027777777777778,0.5333333333333333,1.0,1.0,2,makerdao/osm
17,3,0.4705882352941176,0.6193771626297577,0.7647058823529411,1.0,1.0,2,MetaMask/nft-tickets-workshop
811,21,0.7530972931712758,0.24274274350370445,0.44266337854500615,0.8397040690505548,0.969173859432799,5,dfinity/gix-components
1227,17,0.6783642552375474,0.17909386003192235,0.2762836185819071,0.8769356153219234,0.9698451507742462,5,cartesi/rollups
75,11,0.6593939393939393,0.33973333333333333,0.5333333333333333,0.8933333333333333,0.9866666666666667,3,btcpayserver/whmcs-plugin
276,4,0.6956521739130435,0.838610586011342,0.9130434782608695,1.0,1.0,1,reef-defi/reef-client
146,12,0.6038812785388128,0.2225558266091199,0.3698630136986301,0.8904109589041096,0.9794520547945206,4,input-output-hk/cardano-haskell
14,3,0.3333333333333333,0.4591836734693877,0.5714285714285714,1.0,1.0,2,fetchai/research-dvrf
23,5,0.6086956521739131,0.6257088846880908,0.782608695652174,1.0,1.0,2,vechain/crowdsale-contracts
77,15,0.6787878787878788,0.36481700118063753,0.5844155844155844,0.8441558441558441,0.935064935064935,4,Ankr-network/ankr.js
6,2,0.33333333333333326,0.7222222222222223,0.8333333333333334,1.0,1.0,1,WalletConnect/WalletConnectSwift-Example
55,15,0.6303030303030303,0.32429752066115697,0.5454545454545454,0.8181818181818182,0.9090909090909091,5,paritytech/extended-parachain-template
777,17,0.5550760844878492,0.12229162422212614,0.18018018018018017,0.7335907335907336,0.9446589446589446,6,fetchai/ledger-archive
44,19,0.44258373205741625,0.1260330578512397,0.29545454545454547,0.6136363636363636,0.7954545454545454,11,flashbots/dowg
789,7,0.6807894260365744,0.44737928519680464,0.6210392902408112,0.9936628643852978,1.0,2,solana-labs/obsolete-dontuse-example-webwallet
2612,18,0.815084226646248,0.30361284588270887,0.3939509954058193,0.9586523736600306,0.9934915773353752,3,bancorprotocol/webapp
69,12,0.5736714975845411,0.20520898970804452,0.34782608695652173,0.855072463768116,0.9710144927536232,4,decred/dcrtime
962,17,0.7578574049162284,0.3576899304550032,0.5727650727650727,0.8835758835758836,0.9781704781704782,4,nervosnetwork/ckb-sdk-java
2,1,0.0,1.0,1.0,1.0,1.0,1,holochain/HoloWorld
196,19,0.7787325456498388,0.5246772178259058,0.7193877551020408,0.8571428571428571,0.9540816326530612,4,storj/whitepaper
98,17,0.5186074429771909,0.12723865056226571,0.25510204081632654,0.673469387755102,0.9081632653061225,8,vechain/VIPs
166,4,0.47289156626506024,0.4448395993613007,0.6024096385542169,1.0,1.0,2,thetatoken/theta-eth-rpc-adaptor
22,6,0.3636363636363636,0.24380165289256198,0.36363636363636365,0.9545454545454546,1.0,4,terra-money/station-desktop
19,2,0.44736842105263164,0.9002770083102491,0.9473684210526315,1.0,1.0,1,dfinity/icfront
36,4,0.5416666666666666,0.5231481481481481,0.6666666666666666,1.0,1.0,2,EOSIO/eosio-reference-chrome-extension-authenticator-app
1433,28,0.8089173561957931,0.25503667173284106,0.45359385903698535,0.8548499651081647,0.9525471039776692,5,energywebfoundation/switchboard-dapp
85,25,0.5176470588235295,0.09647058823529413,0.2,0.6,0.7764705882352941,11,hyperledger/fabric-rfcs
2,2,0.0,0.5,0.5,1.0,1.0,2,zcash/zcash-docs
35,3,0.5523809523809523,0.7485714285714284,0.8571428571428571,1.0,1.0,1,livepeer/merkle-mine
23,2,0.10869565217391308,0.5236294896030247,0.6086956521739131,1.0,1.0,2,gnosis/dx-uniswap-arbitrage
220,4,0.6318181818181818,0.6784710743801653,0.8090909090909091,1.0,1.0,1,dfinity/ic-eth-starter
721,15,0.7434119278779473,0.2742511652601468,0.37725381414701803,0.9237170596393898,0.9875173370319001,3,dashpay/grovedb
512,7,0.6735491071428571,0.41905975341796875,0.5625,0.99609375,1.0,2,NethermindEth/eigenlayer
346,31,0.7892970352414692,0.3278258545223696,0.5375722543352601,0.815028901734104,0.8988439306358381,5,btcpayserver/dockerfile-deps
22,3,0.5454545454545454,0.756198347107438,0.8636363636363636,1.0,1.0,1,alchemix-finance/v2-contracts
2,1,0.0,1.0,1.0,1.0,1.0,1,Consensys/0x_audit_report_2018-07-23
238,11,0.679144385026738,0.27452157333521643,0.3949579831932773,0.9537815126050421,0.9957983193277311,3,ChainSafe/chainbridge-ui
50,2,0.32000000000000006,0.7047999999999999,0.82,1.0,1.0,1,celer-network/celer-light-client
8,4,0.1875,0.28125,0.375,1.0,1.0,3,Constellation-Labs/whitepaper-technical
563,8,0.5601687388987566,0.2677580457394887,0.37300177619893427,0.9698046181172292,1.0,3,crypto-org-chain/chain-jslib
212,14,0.7998652291105122,0.5727127091491634,0.75,0.9339622641509434,0.9811320754716981,2,prysmaticlabs/go-ssz
24,13,0.3076923076923077,0.1076388888888889,0.20833333333333334,0.625,0.875,9,ChainSafe/chainbridge-deploy
473,24,0.8105179704016914,0.35287781199576274,0.5687103594080338,0.8837209302325582,0.9577167019027484,4,paritytech/wasm-instrument
691,23,0.8068961177877053,0.2377413970398822,0.361794500723589,0.9450072358900145,0.9768451519536903,4,cosmos/ledger-cosmos
159,3,0.5786163522012578,0.7956568173727305,0.8867924528301887,1.0,1.0,1,steemit/sbds
40,9,0.6055555555555556,0.38875,0.6,0.9,1.0,3,paritytech/substrate-open-working-groups
126,12,0.593915343915344,0.20975056689342403,0.30952380952380953,0.8650793650793651,0.9841269841269841,4,icon-project/icon-sdk-python
91,5,0.6417582417582418,0.6401400797005192,0.7912087912087912,1.0,1.0,2,rocket-pool/rocketpool-research
91,14,0.5706436420722135,0.17932616833715737,0.32967032967032966,0.8021978021978022,0.9560439560439561,5,MetaMask/nonce-tracker
207,37,0.7541454497976237,0.2292935657774977,0.3719806763285024,0.821256038647343,0.8695652173913043,4,trufflesuite/trufflesuite.github.io
1121,46,0.8812201838420665,0.3663456786783178,0.5655664585191793,0.872435325602141,0.9384478144513827,3,ethersphere/bee-docs
1255,21,0.7511288180610889,0.24238789860478402,0.4334661354581673,0.8812749003984064,0.952191235059761,4,LiskHQ/lisk-sdk-examples
1618,9,0.5669550885867326,0.23815282643804786,0.35908529048207666,0.9468479604449939,1.0,4,ChainSafe/ChainGuardian
509,14,0.7248105529048555,0.29613518552113044,0.4793713163064833,0.9037328094302554,0.9901768172888016,4,ethereum/cryptography-research-website
281,19,0.6563026784041955,0.18149466192170818,0.36298932384341637,0.7473309608540926,0.9608540925266904,6,Chia-Network/chia-dev-tools
92,10,0.5456521739130434,0.2530718336483932,0.44565217391304346,0.8478260869565217,1.0,5,icon-project/IIPs
116,7,0.5985221674876848,0.35121878715814503,0.5258620689655172,0.9827586206896551,1.0,3,solana-labs/platform-tools
490,11,0.6460111317254175,0.26237401082882134,0.3510204081632653,0.9142857142857143,0.9979591836734694,3,singnet/semantic-vision
5039,16,0.49405884103988884,0.11252429501958547,0.18376662036118277,0.6415955546735463,0.9944433419329232,7,iotaledger/iota-core
19,2,0.07894736842105265,0.5124653739612188,0.5789473684210527,1.0,1.0,2,crytic/secureum-medusa
10,3,0.2666666666666666,0.42000000000000004,0.5,1.0,1.0,2,smartcontractkit/chainlink-solana-demo
126,14,0.6938775510204083,0.290753338372386,0.48412698412698413,0.8809523809523809,0.9682539682539683,3,algorand/conduit
128,5,0.665625,0.661865234375,0.8046875,1.0,1.0,1,EOSIO/spec-repo
129,4,0.6996124031007752,0.8677964064659576,0.9302325581395349,1.0,1.0,1,enzymefinance/melon
21,1,0.0,1.0,1.0,1.0,1.0,1,EYBlockchain/ZKPChallenge
2291,7,0.7926669576604103,0.7841453881460885,0.8830205150589262,0.9978175469227412,1.0,1,nknorg/nMobile
4,1,0.0,1.0,1.0,1.0,1.0,1,crytic/echidna-spearbit-demo
237,25,0.7615189873417723,0.38432231301963715,0.6075949367088608,0.8143459915611815,0.9071729957805907,5,Chia-Network/chips
17,1,0.0,1.0,1.0,1.0,1.0,1,thetatoken/theta-tool-ethereum-erc20-snapshot
86,4,0.436046511627907,0.41914548404542995,0.5813953488372093,1.0,1.0,2,smartcontractkit/chainlink-automation-templates
3088,46,0.8899667717954494,0.3815104516228624,0.5977979274611399,0.8869818652849741,0.9462435233160622,4,OriginProtocol/origin-website
219,10,0.42785388127853885,0.15789912637351178,0.2100456621004566,0.8584474885844748,1.0,5,nervosnetwork/force-bridge
80,10,0.6275000000000001,0.3225,0.525,0.9,1.0,3,livepeer/grants
304,12,0.7143640350877193,0.38320204293628807,0.5921052631578947,0.9144736842105263,0.993421052631579,3,ethersphere/helm
299,10,0.8478260869565217,0.8352591134327355,0.9130434782608695,0.979933110367893,1.0,1,Zilliqa/gozilliqa-sdk
57,4,0.5219298245614035,0.4958448753462604,0.6491228070175439,1.0,1.0,2,gobitfly/eth.store
43,5,0.5116279069767442,0.39102217414818824,0.5116279069767442,1.0,1.0,2,input-output-hk/shelley-testnet
1227,8,0.8275264873675632,0.8339905773983763,0.9119804400977995,0.9918500407497962,1.0,1,thetatoken/theta-infrastructure-ledger-explorer
29,4,0.6120689655172413,0.6979785969084423,0.8275862068965517,1.0,1.0,1,ethereum/public-attacknets
926,22,0.8715884547418025,0.49182017922367505,0.6814254859611231,0.9460043196544277,0.9848812095032398,2,hyperledger/aries-askar
1674,39,0.8086879269674969,0.1625864119023251,0.2897252090800478,0.7831541218637993,0.9205495818399044,6,OffchainLabs/nitro-contracts
211,6,0.7480252764612955,0.7105635542777565,0.8341232227488151,0.995260663507109,1.0,1,makerdao/optimism-dai-bridge
784,20,0.8077806122448979,0.31071688879633486,0.39668367346938777,0.9094387755102041,0.9834183673469388,3,dappnode/DAppNodeSDK
61,2,0.4508196721311475,0.9064767535608707,0.9508196721311475,1.0,1.0,1,paritytech/lunarity
435,45,0.7262324393358877,0.13952173338618046,0.31494252873563217,0.6620689655172414,0.8091954022988506,10,ethereum/remix-plugins-directory
742,81,0.7502578949119829,0.0798671907353187,0.20350404312668463,0.5309973045822103,0.7210242587601078,15,tronprotocol/grpc-gateway
434,6,0.6658986175115208,0.4840833315636348,0.5368663594470046,0.9976958525345622,1.0,2,solana-labs/solana-payments-app
1,1,0.0,1.0,1.0,1.0,1.0,1,flashbots/simple-limit-order-bot
338,27,0.7573964497041419,0.2217184272259375,0.3905325443786982,0.8017751479289941,0.9201183431952663,5,dfinity/stable-structures
1453,47,0.9071180682666823,0.5497631925593345,0.7343427391603579,0.9112181693048864,0.9483826565726085,2,ledgerwatch/erigon-lib
81,12,0.5689300411522634,0.21475384849870444,0.38271604938271603,0.8518518518518519,0.9753086419753086,5,paritytech/canvas
8,3,0.08333333333333333,0.34375,0.375,1.0,1.0,3,ethersphere/exportSwarmKey
113,8,0.7776548672566372,0.713838201895215,0.8407079646017699,0.9734513274336283,1.0,1,solana-labs/solana-accountsdb-plugin-postgres
677,17,0.7849509079850553,0.309085831356951,0.3870014771048744,0.9320531757754801,0.983751846381093,3,graphprotocol/graph-network-subgraph
960,19,0.7674342105263158,0.25456814236111114,0.390625,0.8770833333333333,0.984375,4,onflow/vscode-cadence
31,4,0.5564516129032258,0.619146722164412,0.7741935483870968,1.0,1.0,2,aave/aave-stake-v2
877,30,0.6502090459901179,0.11580242066025337,0.26795895096921324,0.6100342075256556,0.8198403648802737,10,singnet/snet-cli
164,12,0.7652439024390244,0.4090571088637715,0.5853658536585366,0.9512195121951219,0.9878048780487805,2,dfinity/ic-repl
181,17,0.6642833929151771,0.20796068496077652,0.39226519337016574,0.8066298342541437,0.9613259668508287,5,status-im/nim-confutils
14,2,0.2857142857142858,0.6632653061224489,0.7857142857142857,1.0,1.0,2,flashbots/mev-explore-public
41,10,0.5439024390243903,0.23022010707911955,0.3170731707317073,0.8780487804878049,1.0,3,MetaMask/template-snap
40,7,0.5642857142857143,0.395,0.6,0.95,1.0,3,decred/dcraddrgen
11213,60,0.8173979607003775,0.11110221030043824,0.1953981985195755,0.6760902523856238,0.8532952822616606,8,MetaMask/metamask-desktop
221,13,0.707274625826662,0.2671730718044266,0.3574660633484163,0.9411764705882353,0.9864253393665159,3,Synthetixio/synthetix-js
35,9,0.5650793650793651,0.2930612244897959,0.42857142857142855,0.8857142857142857,1.0,3,MetaMask/extension-provider
271,3,0.4428044280442805,0.6036274015876689,0.7564575645756457,1.0,1.0,2,OpenZeppelin/crafty
969,49,0.8506139297824393,0.18830494557281932,0.2961816305469556,0.8286893704850361,0.934984520123839,5,Uniswap/sybil-interface
172,28,0.7184385382059801,0.24607896160086531,0.45930232558139533,0.7732558139534884,0.877906976744186,6,dashpay/dips
22,1,0.0,1.0,1.0,1.0,1.0,1,ProjectOpenSea/meta-transactions
2988,41,0.8537728148365821,0.25744320432107726,0.43406961178045517,0.8493975903614458,0.9200133868808568,4,ripple/ripple-client-desktop
194,13,0.7153053132434575,0.3130513338293124,0.5051546391752577,0.9329896907216495,0.9845360824742269,3,MetaMask/template-snap-monorepo
884,17,0.7969124301304232,0.315075960770664,0.4796380090497738,0.9400452488687783,0.9898190045248869,3,iotaledger/entangled
630,14,0.8022675736961451,0.4544016124968506,0.6460317460317461,0.9555555555555556,0.9920634920634921,2,cartesi/machine-solidity-step
344,28,0.7583056478405316,0.24499729583558683,0.3488372093023256,0.8081395348837209,0.8982558139534884,5,matter-labs/block-explorer
90,6,0.7555555555555555,0.794074074074074,0.8888888888888888,0.9888888888888889,1.0,1,FuelLabs/fuel-js
60,8,0.7125,0.5794444444444444,0.75,0.95,1.0,2,crytic/slither-action
37,5,0.4756756756756757,0.4039444850255662,0.5945945945945946,1.0,1.0,3,Fantom-foundation/Artion-Contracts
110,11,0.596694214876033,0.2181818181818182,0.33636363636363636,0.9181818181818182,0.990909090909091,4,sigp/public-audits
311,9,0.676670239371204,0.33396056699165644,0.4630225080385852,0.9678456591639871,1.0,3,matter-labs/zksync-dapp-checkout
37,3,0.5405405405405405,0.7574872169466765,0.8648648648648649,1.0,1.0,1,ProjectOpenSea/seaport-gossip
220,11,0.7388429752066116,0.4001239669421488,0.5954545454545455,0.9681818181818181,0.9954545454545455,3,aave/protocol-subgraphs
31,4,0.2661290322580645,0.3090530697190427,0.3870967741935484,1.0,1.0,3,flashbots/mev-share
12,1,0.0,1.0,1.0,1.0,1.0,1,SwissBorg/Business
11398,58,0.8753562330959455,0.1904659163120973,0.3855939638533076,0.7449552553079488,0.9229689419196351,6,OffchainLabs/token-bridge-contracts
168,5,0.6119047619047618,0.598001700680272,0.7619047619047619,1.0,1.0,2,nknorg/nconnect
122,13,0.7503152585119799,0.4631819403386186,0.6639344262295082,0.9180327868852459,0.9754098360655737,3,dfinity/vessel
51,4,0.47549019607843135,0.4517493271818531,0.5294117647058824,1.0,1.0,2,flashbots/mev-share-node
20,9,0.4444444444444444,0.25,0.45,0.8,1.0,5,nervosnetwork/overlord
68,15,0.5549019607843138,0.15570934256055363,0.23529411764705882,0.7941176470588235,0.9264705882352942,6,ethereum/snake-charmers-tactical-manual
194,22,0.8322399250234301,0.7160697204803911,0.845360824742268,0.8969072164948454,0.9381443298969072,1,WalletConnect/walletconnect-registry
116,8,0.5495689655172413,0.2639714625445898,0.4051724137931034,0.9655172413793104,1.0,3,decentraland/erc721
3,2,0.16666666666666674,0.5555555555555556,0.6666666666666666,1.0,1.0,2,ProjectOpenSea/nft-tutorial
568,6,0.6338028169014084,0.4674543741321166,0.6461267605633803,0.9911971830985915,1.0,2,input-output-hk/high-assurance-legacy
3,3,0.0,0.3333333333333333,0.3333333333333333,1.0,1.0,3,makerdao/arbitrage-keeper
415,13,0.759221501390176,0.3319204528959211,0.4987951807228916,0.9566265060240964,0.9927710843373494,3,Uniswap/swap-router-contracts
51,7,0.3361344537815126,0.20722798923490968,0.35294117647058826,0.8823529411764706,1.0,5,HorizenOfficial/Sphere_by_Horizen
96,16,0.6067708333333333,0.17556423611111108,0.2708333333333333,0.8125,0.9375,5,cosmos/interchain-accounts-demo
9,1,0.0,1.0,1.0,1.0,1.0,1,pancakeswap/pancake-swap-lib
159,9,0.6722571628232006,0.32827024247458564,0.4528301886792453,0.9685534591194969,1.0,3,project-serum/serum-js
395,20,0.7484810126582279,0.24542861720878062,0.37468354430379747,0.8531645569620253,0.9544303797468354,4,ethereum/remix-workshops
777,4,0.6573359073359073,0.7173102501287829,0.8326898326898327,1.0,1.0,1,DigiByte-Core/digibyte
3485,70,0.7269727403156385,0.07523639949033467,0.19913916786226685,0.4964131994261119,0.6467718794835007,18,storj/uplink
503,11,0.8780046990782577,0.8887786600476664,0.9423459244532804,0.9880715705765407,0.9980119284294234,1,btcpayserver/btcTransmuter
139,10,0.6381294964028777,0.29610268619636665,0.48201438848920863,0.9424460431654677,1.0,4,makerdao/pyexchange
280,9,0.8238095238095239,0.7588265306122449,0.8678571428571429,0.9857142857142858,1.0,1,Consensys/anonymous-zether
761,12,0.6503504161191415,0.22030111151210197,0.2956636005256242,0.9395532194480947,0.9973718791064389,4,gnosis/gp-v2-contracts
273,7,0.6949241234955521,0.5380053402031424,0.7142857142857143,0.9853479853479854,1.0,2,0xsequence/erc-1155
3056,78,0.8398274936233051,0.10677047641237905,0.2519633507853403,0.5899869109947644,0.8239528795811518,10,onflow/flow-cli
460,46,0.6847826086956522,0.10588846880907372,0.2717391304347826,0.5630434782608695,0.7391304347826086,13,hyperledger/fabric-chaincode-node
750,36,0.8002962962962963,0.19026844444444446,0.3426666666666667,0.7866666666666666,0.9106666666666666,6,pancakeswap/pancake-toolkit
242,13,0.6846789574062301,0.25093914350112695,0.40082644628099173,0.9214876033057852,0.987603305785124,4,ethereum/beacon_chain
2241,34,0.8018347901409559,0.14706433448604272,0.23739402052655065,0.7724230254350736,0.9665327978580991,6,graphprotocol/contracts
93,3,0.5663082437275985,0.7567348826453926,0.8602150537634409,1.0,1.0,1,Consensys/zero-knowledge-proofs
4056,21,0.8931858739551048,0.4482012670735929,0.613905325443787,0.9908777120315582,0.9972879684418146,2,paritytech/smoldot
3,3,0.0,0.3333333333333333,0.3333333333333333,1.0,1.0,3,pancakeswap/pancake-smart-contracts
2486,75,0.871976401179941,0.1902208279478515,0.3660498793242156,0.7493966210780371,0.8801287208366855,7,hashgraph/hedera-sdk-js
16,1,0.0,1.0,1.0,1.0,1.0,1,input-output-hk/lobster-challenge
628,2,0.49840764331210186,0.9968203578238466,0.9984076433121019,1.0,1.0,1,Rari-Capital/nova
380,10,0.6342105263157894,0.260207756232687,0.3526315789473684,0.9605263157894737,1.0,3,WalletConnect/WalletConnectSharp
10078,54,0.8691796579274254,0.21925551446878666,0.42736654098035326,0.7643381623337964,0.9187338757690018,6,OffchainLabs/arbitrum-sdk
1543,68,0.8645972322824139,0.21236500088833857,0.41801685029163965,0.744653272845107,0.9027867790019443,7,maidsafe/sn_browser
93,3,0.5161290322580645,0.7329171002428027,0.8494623655913979,1.0,1.0,1,dydxprotocol/perpetual
162,15,0.6213991769547325,0.19417771681146168,0.36419753086419754,0.8148148148148148,0.9691358024691358,5,MetaMask/rpc-errors
691,13,0.8393632416787266,0.5302891633384366,0.7004341534008683,0.9811866859623734,0.9956584659913169,2,ripple/ripplecharts-frontend
630,39,0.7986161986161986,0.15463844797178128,0.273015873015873,0.8,0.9222222222222223,5,ethereum/eth-utils
778,20,0.8817480719794345,0.598667732832852,0.7622107969151671,0.9627249357326478,0.9832904884318766,2,w3f/polkadot-validator-setup
608,48,0.7552083333333334,0.1005724117036011,0.16282894736842105,0.6480263157894737,0.850328947368421,9,Chia-Network/bls-signatures
12316,99,0.7985407829513059,0.08373808746001288,0.22799610263072426,0.5189184800259825,0.6969795388113024,16,HorizenOfficial/zen
2346,100,0.7548252344416028,0.11892183390276678,0.30264279624893436,0.5673486786018755,0.6807331628303496,20,monero-project/monero-site
44,2,0.4318181818181819,0.8729338842975205,0.9318181818181818,1.0,1.0,1,solana-labs/defi-hackathon
291,22,0.7330521711965011,0.23857772109446038,0.43986254295532645,0.8075601374570447,0.9415807560137457,5,iotaledger/iota-java
14488,74,0.7723073708717,0.06381398371995667,0.152263942573164,0.45858641634456104,0.6870513528437328,14,status-im/status-desktop
1099,100,0.8102911737943584,0.12252763493323819,0.2829845313921747,0.640582347588717,0.7989080982711556,11,paritytech/cachepot
43,6,0.6550387596899224,0.6030286641427799,0.7674418604651163,0.9767441860465116,1.0,2,smartcontractkit/foundry-starter-kit-old
1062,17,0.737675861304974,0.21789538269476985,0.3587570621468927,0.9209039548022598,0.9915254237288136,4,OriginProtocol/dshop
19,4,0.4605263157894737,0.4404432132963989,0.5789473684210527,1.0,1.0,2,EOSIO/eosio-web-ide
49,5,0.6285714285714286,0.5543523531861725,0.7142857142857143,1.0,1.0,2,ethereum/solidity-underhanded-contest
130,5,0.5630769230769231,0.46011834319526623,0.6384615384615384,1.0,1.0,2,EOSIO/eos-token-distribution
1184,91,0.8596673596673596,0.1726739408327246,0.28125,0.8285472972972973,0.875,5,OpenZeppelin/cairo-contracts
3159,64,0.8930783080088636,0.22647974338030968,0.33586578031022474,0.8325419436530548,0.9430199430199431,5,subquery/subql
2187,41,0.892368429857138,0.3369540969218074,0.541838134430727,0.9039780521262003,0.9666209419295839,3,ethereum/remix
5670,100,0.7272169312169312,0.044456762128719796,0.11693121693121693,0.37019400352733683,0.573015873015873,22,status-im/status-go
4155,40,0.68485559566787,0.07886602342153698,0.1614921780986763,0.5388688327316487,0.7766546329723225,11,iotaledger/firefly
2864,86,0.8192071586332337,0.12775842865391218,0.3149441340782123,0.5806564245810056,0.7395251396648045,13,steemit/condenser
28113,99,0.8067434922626472,0.1364537086154036,0.3201365916124213,0.6186106071924021,0.7530324049372177,14,ledgerwatch/erigon
98,22,0.6224489795918368,0.14868804664723032,0.25510204081632654,0.7551020408163265,0.8775510204081632,6,compound-finance/compound-protocol
328,8,0.8490853658536586,0.9342653182629388,0.9664634146341463,0.9908536585365854,1.0,1,Consensys/vscode-solidity-auditor
18533,99,0.7730954393664154,0.08849364467573956,0.21005773485134624,0.5629417795284087,0.6774941995359629,19,maticnetwork/bor
11502,99,0.8491171495866331,0.16034921205934533,0.3664580073030777,0.6338897583029038,0.7856894453138584,11,NethermindEth/nethermind
964,11,0.7427385892116182,0.3493655412269072,0.4118257261410788,0.9885892116182573,0.9989626556016598,2,curvefi/curve-dao-contracts
193,39,0.7123688056330543,0.1762463421836828,0.32642487046632124,0.7461139896373057,0.8341968911917098,8,Chia-Network/pool-reference
1734,100,0.8283391003460207,0.1333649953637741,0.2895040369088812,0.6914648212226067,0.8027681660899654,10,ethereum/hive
23624,100,0.7837529630883847,0.06352460631964212,0.17067389095834745,0.4641043007111412,0.6363867253640366,17,solana-labs/solana
4101,100,0.7604169714703731,0.05899804622384998,0.15557181175323093,0.45086564252621314,0.6374055108510119,21,algorand/go-algorand
128,27,0.7256944444444444,0.419189453125,0.640625,0.796875,0.8671875,6,smartcontractkit/full-blockchain-solidity-course-js
554,19,0.7341820254607638,0.22840777281080166,0.41155234657039713,0.8465703971119134,0.98014440433213,4,enzymefinance/oyente
941,58,0.7854996518743816,0.10444605813111744,0.21785334750265675,0.6248671625929861,0.8395324123273114,9,iotaledger/iri
4315,39,0.7437383010963544,0.11179310631887203,0.21390498261877172,0.6431054461181923,0.8509849362688297,9,golemfactory/yagna
349,42,0.7049392823031791,0.1009433420086863,0.2177650429799427,0.6303724928366762,0.833810888252149,9,hyperledger/fabric-sdk-py
582,13,0.7020882897171556,0.26951146065823506,0.41408934707903783,0.9209621993127147,0.9914089347079038,3,stellar/slingshot
343,47,0.6499596799206004,0.08662207073583285,0.1836734693877551,0.577259475218659,0.7113702623906706,15,MetaMask/test-dapp
701,60,0.8497622444127437,0.3897122716477988,0.6119828815977175,0.8159771754636234,0.8815977175463623,5,MetaMask/web3-provider-engine
65,1,0.0,1.0,1.0,1.0,1.0,1,karpathy/cryptos
184,17,0.717391304347826,0.34989366729678634,0.5706521739130435,0.8369565217391305,0.9510869565217391,5,Consensys/eth-lightwallet
126,12,0.6164021164021164,0.24300831443688584,0.42857142857142855,0.8809523809523809,0.9841269841269841,4,makerdao/market-maker-keeper
1197,69,0.8312326710496046,0.1654505241103315,0.2982456140350877,0.7076023391812866,0.8237259816207184,9,aragon/client
255,31,0.6752688172043011,0.12655132641291814,0.27450980392156865,0.6549019607843137,0.8588235294117647,8,ethereumjs/ethereumjs-tx
21,7,0.5306122448979592,0.41043083900226757,0.6190476190476191,0.9047619047619048,1.0,3,ethereum/blockies
206,14,0.8196948682385575,0.575313413139787,0.7475728155339806,0.9514563106796117,0.9805825242718447,2,storj/drpc
12746,100,0.7886991997489409,0.06064538167538505,0.13996547936607562,0.4651655421308646,0.6340028244155029,18,storj/storj
3896,86,0.8723556659185331,0.1165503290902268,0.2312628336755647,0.6416837782340863,0.875,8,gobitfly/eth2-beaconchain-explorer
18461,57,0.800310184485644,0.09006451748898613,0.1684090785981258,0.5850170629976708,0.8482747413466226,9,AElfProject/AElf
3051,44,0.7769211286910401,0.12256202623788472,0.25958702064896755,0.6705998033431662,0.8659455916093084,8,Synthetixio/synthetix
14463,59,0.8763636491479719,0.1364974358319048,0.23480605683468161,0.7557214962317638,0.9531217589711678,6,holochain/holochain
