owner_repo,n_contributors,gini_commits,gini_loc,hhi_loc,top1_share_loc,gini_additions,gini_deletions,total_additions,total_deletions,total_loc_churn,median_tenure_weeks,max_tenure_weeks,median_consistency,retention_6m,one_timer_fraction,_language,_age_weeks,_stars,category
0xbitcoin/EIP918-Mineable-Token,2,0.2916666666666667,0.49217387464953527,0.9844702457750729,0.9921738746495353,0.49469044406048607,0.4745200389277183,79291,11303,90594,2.5,4,1.0,1.0,0.5,JavaScript,311,20,
0xsequence/erc-1155,7,0.6949241234955521,0.6992124467137112,0.4462740733334893,0.5294658418514052,0.7012209811125186,0.6971541207460301,862234,840127,1702361,91.0,230,0.16666666666666666,0.14285714285714285,0.14285714285714285,TypeScript,296,313,tools
0xsequence/go-ethauth,3,0.6016260162601627,0.6134874759152216,0.8549553944334927,0.9213872832369943,0.6122229395308801,0.6153601019757807,3098,2092,5190,1.0,281,1.0,0.3333333333333333,0.6666666666666666,Go,237,18,tools
aave/aave-stake-v2,4,0.5564516129032258,0.3214716198787411,0.3387875073406865,0.40502392632860434,0.3779871356667965,0.45669406928948914,69339,13624,82963,23.0,83,0.12237762237762238,0.25,0.25,Solidity,167,51,aave
aave/protocol-subgraphs,11,0.7388429752066116,0.6851572109885842,0.3735760810828795,0.5832236345195192,0.7438150459333467,0.6559283370191117,112307,73049,185356,11.0,155,0.3548387096774194,0.2727272727272727,0.45454545454545453,TypeScript,161,101,aave
AElfProject/aelf-wallet-ios,4,0.28076923076923077,0.7008867433579841,0.8456395894666769,0.916786496850178,0.7132276603633667,0.5521671134941912,53940,4476,58416,8.5,29,0.75,1.0,0.0,Swift,209,20,aelf
AElfProject/AElf,57,0.800310184485644,,,,,,0,0,0,9.0,336,0.7777777777777778,0.03508771929824561,0.17543859649122806,C#,325,806,aelf
alchemix-finance/v2-contracts,3,0.5454545454545454,0.665493172389464,0.9964889829091905,0.9982414016733548,0.6645763016438527,0.6666649207980465,3413120,2672977,6086097,7.0,12,0.5,1.0,0.3333333333333333,TypeScript,102,26,ethereum
algorand/conduit,14,0.6938775510204082,0.7515939962773751,0.2976706947667775,0.47134766939923173,0.7572896467987169,0.7598689660365991,15766,9485,25251,6.0,136,0.7279411764705883,0.14285714285714285,0.42857142857142855,Go,50,33,algorand
algorand/go-algorand,99,0.7597143597143597,0.7909019042124376,0.05756425739443443,0.15767654868300698,0.7693573949208721,0.8624378871390586,3893015,1870721,5763736,42.0,336,0.35135135135135137,0.13131313131313133,0.23232323232323232,Go,245,1304,algorand
algorand/tealviewer,2,0.0,0.4924624853053039,0.9850385988661534,0.9924624853053039,0.4940018347329052,0.41724137931034483,14171,290,14461,62.0,85,0.056108597285067875,0.5,0.0,JavaScript,223,11,algorand
Ankr-network/ankr.js,15,0.6787878787878788,0.8046408393866021,0.38205634523272103,0.5680992736077481,0.8020926756352765,0.8255741775294848,2230,1074,3304,1.0,102,1.0,0.06666666666666667,0.7333333333333333,TypeScript,100,31,ankr
aragon/client,69,0.8312326710496047,0.8823999857729795,0.20249755813882833,0.4139027928588033,0.8734060109086694,0.90399844072372,206064,133767,339831,1.0,221,1.0,0.028985507246376812,0.5942028985507246,JavaScript,364,824,tools
axieinfinity/bridge-v2,7,0.4942648592283629,0.7659816039091693,0.7060755911854426,0.8350729376257545,0.7442400486410267,0.7991884770203204,44172,35348,79520,37.0,92,0.25,0.42857142857142855,0.0,Go,96,11,blockchain
bancorprotocol/webapp,18,0.8150842266462481,0.7987332168328096,0.2799338259605099,0.45721536796208645,0.7945755955264275,0.8478879461500276,207818,121985,329803,4.5,60,0.95,0.3333333333333333,0.2777777777777778,TypeScript,185,32,bancor
bandprotocol/bandchain.js,2,0.3387096774193548,0.4918252481158176,0.9837841493683712,0.9918252481158176,0.4903483502438653,0.49449044714626167,446763,247570,694333,37.5,42,0.23917748917748918,1.0,0.0,JavaScript,178,21,band-protocol
btcpayserver/btcTransmuter,11,0.8780046990782577,0.888129858083102,0.8234332719245503,0.9039306054059927,0.9024085417393883,0.8760116844143486,273719,204935,478654,1.0,144,1.0,0.09090909090909091,0.6363636363636364,C#,262,76,
btcpayserver/dockerfile-deps,31,0.7892970352414693,0.8824464928205505,0.5801469487765459,0.7558211285874397,0.8480955986598182,0.9610621802711337,52742,26667,79409,5.0,379,0.4,0.2903225806451613,0.45161290322580644,Dockerfile,273,26,
btcpayserver/whmcs-plugin,11,0.6593939393939394,0.8161483906164757,0.5343969696617954,0.7062193126022913,0.7833772507685551,0.8445952057892356,1656,2010,3666,1.0,152,1.0,0.09090909090909091,0.5454545454545454,PHP,303,20,
cartesi/machine-solidity-step,14,0.8022675736961451,0.891321123753069,0.6401512174418625,0.7745971419275025,0.9219833281901166,0.8510525129656653,7337450,4885403,12222853,3.0,301,0.8333333333333333,0.21428571428571427,0.21428571428571427,Solidity,240,94,cartesi
cartesi/machine-tests,8,0.6041666666666666,0.8527576962872385,0.9224985117834292,0.9602386487321786,0.8558862595212925,0.6654238618524333,73782,637,74419,13.5,232,0.28914141414141414,0.25,0.25,Assembly,242,10,cartesi
cartesi/rollups,17,0.6783642552375473,0.8018167435671886,0.33786065793833886,0.5357557057281301,0.7983451036450717,0.8217735251802624,691154,708273,1399427,36.0,131,0.4339622641509434,0.5294117647058824,0.17647058823529413,,112,24,cartesi
celer-network/celer-light-client,2,0.32,0.49902251584198465,0.9980469426345275,0.9990225158419846,0.49961288785658986,0.4957045632042843,100746,17926,118672,55.5,75,0.22055555555555556,0.5,0.0,JavaScript,229,32,celer-network
celo-org/celo-oracle,20,0.5155844155844156,0.7456096793762779,0.18376701964003553,0.27894488507425796,0.7661416439073665,0.7923894701316233,53458,35556,89014,24.0,201,0.20576441102756893,0.3,0.3,TypeScript,154,14,celo
ChainSafe/as-sha256,11,0.4214328717639976,0.6015704255575113,0.21621095163440202,0.2694628762353471,0.6126212459072787,0.5932311094813999,59196,47353,106549,19.0,119,0.29411764705882354,0.09090909090909091,0.2727272727272727,WebAssembly,247,19,ethereum
ChainSafe/chainbridge-deploy,13,0.3076923076923077,0.6010881750953954,0.1876906807617732,0.20417168070597674,0.6019803222467351,0.6254728877679697,7357,122,7479,1.0,60,1.0,0.07692307692307693,0.6153846153846154,JavaScript,193,37,ethereum
ChainSafe/chainbridge-ui,11,0.679144385026738,0.6019324591605011,0.21122841051866753,0.27465753424657535,0.5659340424270539,0.678904633980697,148743,99457,248200,1.0,38,1.0,0.5454545454545454,0.5454545454545454,TypeScript,207,26,ethereum
ChainSafe/ChainGuardian,9,0.5669550885867326,0.48950449817673125,0.20203130644315018,0.23777853869251436,0.4872083322881311,0.49874239605574683,172747,130981,303728,18.0,100,0.8333333333333334,0.3333333333333333,0.1111111111111111,TypeScript,231,44,ethereum
ChainSafe/ethermint-deploy,4,0.5357142857142857,0.7458196476560167,0.9892918927502368,0.9946252612720214,0.747829457364341,0.6935483870967742,3225,124,3349,1.0,7,1.0,0.75,0.75,JavaScript,225,11,ethereum
Chia-Network/bls-signatures,48,0.7552083333333334,0.9262845260877075,0.3143009076811058,0.44524069713154074,0.9352549305933769,0.9256287708896827,273581,700984,974565,2.0,296,1.0,0.08333333333333333,0.4791666666666667,C++,290,287,chia
Chia-Network/chia-dev-tools,19,0.6563026784041955,0.8589364458723805,0.5423089825062989,0.7268186334032454,0.8680512380748204,0.8633088505790869,19640,16596,36236,33.0,239,0.225,0.2631578947368421,0.42105263157894735,Python,134,43,chia
Chia-Network/chips,25,0.7615189873417721,0.7747200406659042,0.22749627514251547,0.41728300927690937,0.759485501953187,0.900666836345126,31487,7858,39345,8.0,221,0.4,0.2,0.44,JavaScript,294,39,chia
Chia-Network/pool-reference,39,0.7123688056330544,0.8924168699019366,0.3514624866879841,0.564022055444938,0.8905063703125092,0.9008920648264911,8666,4392,13058,1.0,164,1.0,0.02564102564102564,0.6923076923076923,Python,144,443,chia
compound-finance/compound-governance,4,0.5921052631578947,0.04162321663897324,0.2523099895511665,0.2638744055463244,0.0062653455565079685,0.22043506563957904,68831,18434,87265,1.0,69,1.0,0.75,0.75,Solidity,39,10,compound
compound-finance/compound-protocol,22,0.6224489795918368,0.7579416954887067,0.18694217856047327,0.3017552049800939,0.7675035249751999,0.7461788020301995,1282343,932555,2214898,1.0,106,1.0,0.13636363636363635,0.5909090909090909,TypeScript,238,1810,compound
Conflux-Chain/conflux-evm-bridge,2,0.4649122807017544,0.4994032522751007,0.9988072167658959,0.9994032522751007,0.4993209183273696,0.49954627949183306,38287,22040,60327,74.5,148,0.5405405405405406,0.5,0.5,Solidity,109,10,conflux-network
Consensys/anonymous-zether,9,0.8238095238095238,0.8320508132757269,0.6254164734469833,0.754281823302644,0.7843302815942867,0.8810610623029689,529789,515852,1045641,1.0,117,1.0,0.1111111111111111,0.5555555555555556,Solidity,249,281,ethereum
Consensys/eth-lightwallet,17,0.717391304347826,0.8892118484920901,0.5846469096020497,0.7489344279628659,0.8851643936276506,0.893888021582388,1703662,1701082,3404744,3.0,153,1.0,0.058823529411764705,0.4117647058823529,JavaScript,454,1409,ethereum
Consensys/eventsea,5,0.47304347826086957,0.40106848121019556,0.30125138889779957,0.3999072108422725,0.36776650538473543,0.49503760167800687,64070,78188,142258,11.0,31,0.7272727272727273,0.8,0.4,TypeScript,23,13,ethereum
Consensys/gkr-mimc,5,0.592,0.6928802091342458,0.7808824658199014,0.8815931108719053,0.7456364091022756,0.6358226837060703,15996,10016,26012,33.0,87,0.06896551724137931,0.2,0.4,Go,167,17,ethereum
Consensys/hyperledger-besu-ethers,2,0.25,0.2469879518072289,0.62200609667586,0.7469879518072289,0.08,0.5,50,33,83,11.5,22,0.5681818181818181,0.5,0.5,TypeScript,244,15,ethereum
Consensys/simple-token-sale,2,0.4931972789115646,0.4970236081986065,0.9940649342135237,0.9970236081986065,0.49801246725088083,0.4940764674205708,11069,3714,14783,8.5,16,0.8125,1.0,0.5,JavaScript,336,15,ethereum
Consensys/vscode-solidity-auditor,8,0.8490853658536586,0.8736025712688653,0.994490594265746,0.9972400782560089,0.8734708118059267,0.8740347899872719,33678,23570,57248,1.0,245,1.0,0.125,0.75,JavaScript,263,554,ethereum
Consensys/zero-knowledge-proofs,3,0.5663082437275986,0.666400980356031,0.9992876362714647,0.9996437044532691,0.6662747478957964,0.6665274544940754,1765672,1762298,3527970,8.0,12,1.0,1.0,0.3333333333333333,C++,339,130,ethereum
Constellation-Labs/whitepaper-technical,4,0.1875,0.5833333333333334,0.5555555555555556,0.6666666666666666,0.5,0.75,4,2,6,1.0,1,1.0,1.0,1.0,,320,32,constellation
cosmos/interchain-accounts-demo,16,0.6067708333333334,0.7735126989005462,0.33702543267435464,0.5451167209175619,0.7518363562498361,0.8207453332535599,38153,33428,71581,3.5,94,0.7083333333333333,0.125,0.375,Go,156,83,cosmos
cosmos/ledger-cosmos,23,0.8068961177877053,0.9012645728765194,0.5331217142096112,0.7152156967394434,0.9008356400695521,0.9130004791817379,158405,126393,284798,1.0,212,1.0,0.08695652173913043,0.6521739130434783,C,281,45,cosmos
cosmos/registry,5,0.33,0.6000181260785526,0.4999448140939997,0.5001162997371348,0.7998088812398552,0.7999739041020231,2697799,2697742,5395541,3.0,48,0.6666666666666666,0.4,0.2,,171,11,cosmos
coti-io/cvi-contracts,2,0.4523809523809524,0.49976896546033633,0.9995380376745897,0.9997689654603363,0.49970638131280176,0.4999657979341952,91956,29238,121194,25.5,50,0.61,0.5,0.5,JavaScript,160,12,coti
crypto-org-chain/awesome,10,0.396,0.6326203208556149,0.2876547799479539,0.46524064171123,0.68625,0.5888888888888889,160,27,187,1.0,66,1.0,0.5,0.6,,162,20,
crypto-org-chain/chain-jslib,8,0.5601687388987566,0.524016641452345,0.24190317254652688,0.3758486771705841,0.5661940612290762,0.518488404529144,137941,78867,216808,48.0,246,0.21031746031746032,0.375,0.0,TypeScript,181,31,
crytic/secureum-medusa,2,0.07894736842105263,0.3285413375460769,0.7158788209531304,0.8285413375460768,0.32907747473649895,0.3116438356164384,9203,292,9495,4.5,5,0.55,1.0,0.0,Solidity,30,39,ethereum
crytic/slither-action,8,0.7125,0.7807875264270613,0.5473334927523924,0.6945031712473573,0.7730538922155689,0.838963963963964,1670,222,1892,1.0,202,1.0,0.125,0.875,Shell,106,117,ethereum
curvefi/curve-dao-contracts,11,0.7427385892116183,0.7945339974221473,0.42985297136018036,0.5969018029056538,0.7866204271402407,0.8142991110355531,81106,33154,114260,4.0,83,0.5783132530120482,0.09090909090909091,0.45454545454545453,Python,200,328,curve-dao-token
curvefi/curve-external-integrations,27,0.5055055055055055,0.7414383561643836,0.27125017592418843,0.4554794520547945,0.702779877383052,0.8692048692048692,882,286,1168,1.0,42,1.0,0.07407407407407407,0.7777777777777778,,30,10,curve-dao-token
dappnode/DAppNodeSDK,19,0.8000268871412247,0.8552106308523664,0.3759624297229804,0.5607821543987991,0.846227159954437,0.87316520767828,84325,68228,152553,25.0,389,0.3127962085308057,0.21052631578947367,0.3684210526315789,TypeScript,283,58,
dashpay/bls-signatures,56,0.7205275727312201,0.9220806519036403,0.23156209230808003,0.3091780315994962,0.9429106649131386,0.9261378290016902,686833,791545,1478378,3.0,358,0.8333333333333333,0.07142857142857142,0.44642857142857145,C,185,10,dash
dashpay/dips,28,0.71843853820598,0.8924712794878541,0.5557097512436686,0.7335174953959485,0.8952308551570063,0.8981033091202583,13812,2478,16290,1.0,435,1.0,0.17857142857142858,0.5357142857142857,Python,346,71,dash
dashpay/grovedb,15,0.7434119278779473,0.7832771220365452,0.31083179770330976,0.45644053723852474,0.7728496748994017,0.8087304785779502,338972,146399,485371,34.0,214,0.3317757009345794,0.3333333333333333,0.2,Rust,130,28,dash
decentraland/decentraland-l2-utils,3,0.4444444444444444,0.6327256048618277,0.9040982401702728,0.9495229301323485,0.6348246795351389,0.6295108014789013,33415,21818,55233,31.0,124,0.12903225806451613,0.6666666666666666,0.3333333333333333,TypeScript,179,17,decentraland
decentraland/erc721,8,0.5495689655172413,0.7440984429934706,0.5257770022862801,0.6972626820693119,0.7282725847540662,0.7727630199231038,5103,2861,7964,1.0,225,1.0,0.125,0.625,JavaScript,318,94,decentraland
decentraland/kernel,38,0.7072643921361192,0.9335845910459803,0.6060310081107607,0.7699001127470656,0.9306040659909002,0.9420197032933497,438909,343373,782282,21.5,79,0.3666666666666667,0.7368421052631579,0.23684210526315788,TypeScript,134,19,decentraland
decred/dcraddrgen,7,0.5642857142857143,0.6388874841972187,0.375501320037243,0.4626548672566372,0.7372933629410313,0.7421285454072339,4632,3843,8475,12.0,181,0.25,0.14285714285714285,0.42857142857142855,Go,427,60,decred
decred/dcrseeder,3,0.3163841807909605,0.4004820245029122,0.5191286835115195,0.6635870656758385,0.40928006658343735,0.38460093896713615,3204,1775,4979,216.0,315,0.05092592592592592,0.3333333333333333,0.0,Go,302,11,decred
decred/dcrtime,12,0.5736714975845411,0.72313108964813,0.36956738917522824,0.5760115729906821,0.7348826888940341,0.7379021465660297,17276,6227,23503,1.0,431,1.0,0.16666666666666666,0.5833333333333334,Go,350,28,decred
decred/dcrtimegui,9,0.4895330112721417,0.6367386614545363,0.2796064174675825,0.33432178941859997,0.6666032554350743,0.6485630233084408,45558,28969,74527,43.0,222,0.17567567567567569,0.1111111111111111,0.3333333333333333,JavaScript,272,15,decred
dfinity/canister-profiling,7,0.6759581881533101,0.7705534521086788,0.7299297615826517,0.8503071886631688,0.7649472119238948,0.784760834219876,15182,7117,22299,3.0,115,0.6666666666666666,0.14285714285714285,0.2857142857142857,Rust,76,21,dfinity
dfinity/gix-components,21,0.7530972931712759,0.8962254464084807,0.6081249287375304,0.7680498069364028,0.8847413788297989,0.91423424643619,153766,105475,259241,25.0,176,0.42105263157894735,0.42857142857142855,0.19047619047619047,Svelte,87,23,dfinity
dfinity/hardware-wallet-cli,9,0.6204906204906205,0.799454761152072,0.5461284264254251,0.706335852173647,0.8151821776542469,0.781714480556718,18349,14338,32687,7.0,208,0.42857142857142855,0.7777777777777778,0.3333333333333333,JavaScript,106,11,dfinity
dfinity/ic-eth-starter,4,0.6318181818181818,0.7244920167847753,0.9173607566268047,0.9571152473316734,0.7257563108289211,0.719662638469285,45517,11916,57433,13.5,38,0.66,0.25,0.25,TypeScript,29,31,dfinity
dfinity/ic-repl,12,0.7652439024390244,0.8604797681488132,0.5808232955209186,0.7154703964466286,0.8605236037428708,0.8628784053475679,28463,13863,42326,1.0,192,1.0,0.3333333333333333,0.6666666666666666,Rust,147,69,dfinity
dfinity/icfront,2,0.4473684210526316,0.25668373151308305,0.6317730760469611,0.7566837315130831,0.24279592254730506,0.2882268742172124,63471,27945,91416,35.5,70,0.5428571428571428,0.5,0.5,TypeScript,118,27,dfinity
dfinity/node-motoko,9,0.8474345905538566,0.8292738554495798,0.7521937975514776,0.8637576416060954,0.8322533931609879,0.865080391317677,614283,549085,1163368,6.0,183,0.5,0.5555555555555556,0.4444444444444444,TypeScript,82,15,dfinity
dfinity/stable-structures,26,0.7568681318681318,0.8486749070252944,0.30506824270035493,0.40355240093602396,0.8378029984587362,0.8750932566162432,71370,44439,115809,2.5,148,0.8333333333333333,0.23076923076923078,0.46153846153846156,Rust,134,67,dfinity
dfinity/vessel,13,0.7503152585119798,0.7797957310523952,0.3871505471772791,0.5846026910383346,0.7970215529610778,0.7553100400497169,10186,5570,15756,1.0,173,1.0,0.38461538461538464,0.5384615384615384,Rust,205,112,dfinity
duneanalytics/dune-v1-abstractions,8,0.4,0.8749356170091173,0.9997445208162667,0.999872249700825,0.8749548565442549,0.6884517766497462,4430321,197,4430518,1.5,5,1.0,1.0,0.5,PLpgSQL,63,11,tools
dydxprotocol/perpetual,3,0.5161290322580645,0.6579660636386965,0.9809207611823412,0.9903892417244033,0.6567787213503959,0.6611093766260797,51106,32030,83136,19.0,60,0.2631578947368421,0.3333333333333333,0.0,TypeScript,214,171,ethereum
energywebfoundation/challenge,14,0.5620300751879699,0.6020457529891492,0.1791384366349451,0.26681180454765363,0.6003335186214563,0.699047619047619,3084,1050,4134,1.5,5,1.0,1.0,0.5,,196,13,energy-web-token
energywebfoundation/switchboard-dapp,28,0.8089173561957931,0.7963244254832623,0.19748255854570973,0.3794875217996728,0.7973310059481993,0.8559179801105721,677564,505940,1183504,5.5,127,0.9023809523809524,0.14285714285714285,0.2857142857142857,TypeScript,180,28,energy-web-token
enzymefinance/melon,4,0.6996124031007752,0.6673839217752796,0.7270210694428448,0.8375783125475731,0.6837716991057339,0.6468180617903354,9505,7574,17079,3.5,44,0.75,0.5,0.5,,385,38,enzyme
enzymefinance/oyente,19,0.7341820254607638,0.9274682902702954,0.7746871207689402,0.8751177322332683,0.9256081590627605,0.9300429286594939,2460071,2685079,5145150,5.0,116,0.8947368421052632,0.10526315789473684,0.47368421052631576,JavaScript,362,1296,enzyme
EOSIO/eos-token-distribution,5,0.563076923076923,0.5969608696200457,0.4901195182731432,0.5076608784473953,0.5933432245301682,0.6007565814869142,40440,38859,79299,4.0,5,1.0,1.0,0.4,Shell,350,196,eos
EOSIO/eosio-reference-chrome-extension-authenticator-app,4,0.5416666666666666,0.6149006622516556,0.7251067935616857,0.8463576158940397,0.5940366972477065,0.6496865203761756,436,319,755,3.5,11,0.9166666666666667,1.0,0.5,TypeScript,258,25,eos
EOSIO/eosio-web-ide,4,0.4605263157894737,0.7439492892815982,0.9798187144506124,0.9898194391087207,0.7462245885769603,0.4573170731707317,5165,41,5206,2.0,4,1.0,0.5,0.5,TypeScript,233,151,eos
EOSIO/spec-repo,5,0.665625,0.7648511256354393,0.8861206008399217,0.9404502541757443,0.7510612492419648,0.7854298642533937,6596,4420,11016,22.0,28,0.39285714285714285,0.6,0.2,,247,40,eos
ethereum/asyncio-cancel-token,12,0.6983830845771144,0.7705061855304668,0.37513276651148275,0.5208606571904576,0.7439781792324957,0.8017032551097654,15001,13210,28211,2.5,81,0.9,0.08333333333333333,0.5,Python,293,10,ethereum
ethereum/beacon_chain,13,0.6846789574062301,0.8283733895878852,0.5231413102681917,0.698171727064969,0.8141485680431944,0.8559352040364698,11426,6952,18378,3.0,21,1.0,0.8461538461538461,0.46153846153846156,Python,297,207,ethereum
ethereum/blockies,7,0.5306122448979592,0.6193166532149583,0.37599880834583504,0.551789077212806,0.673227010519172,0.412987012987013,421,110,531,1.0,2,1.0,0.5714285714285714,0.8571428571428571,JavaScript,437,390,ethereum
ethereum/common,3,0.1111111111111111,0.40389294403892945,0.578027598699984,0.7372262773722628,0.5448717948717948,0.08080808080808081,104,33,137,11.0,18,0.36363636363636365,1.0,0.0,,468,23,ethereum
ethereum/cryptography-research-website,14,0.7248105529048554,0.6527241625200697,0.1951154916628054,0.32776785755061216,0.6453829989903711,0.6826761866219576,120129,98840,218969,53.0,201,0.22773972602739725,0.35714285714285715,0.35714285714285715,TypeScript,122,45,ethereum
ethereum/ddht,8,0.7309027777777778,0.8163774302816574,0.7723766636558154,0.8757366247505917,0.8265022126953395,0.8193504020313161,57848,28356,86204,32.5,174,0.2006872852233677,0.625,0.125,Python,187,17,ethereum
ethereum/eth-utils,39,0.7986161986161986,0.8744997457271099,0.20746051804606638,0.3169876401264731,0.8631032994921043,0.9045946486193209,23117,11673,34790,1.0,278,1.0,0.05128205128205128,0.5641025641025641,Python,367,300,ethereum
ethereum/go-build,4,0.375,0.5147058823529411,0.5249903883121876,0.696078431372549,0.5610236220472441,0.4383116883116883,127,77,204,16.0,23,0.20779220779220778,0.75,0.25,Python,509,10,ethereum
ethereum/hive,99,0.8276649938507988,0.9392074658381941,0.1869398282524916,0.29011911530676093,0.9326466357877994,0.9553605064581653,572272,407367,979639,11.0,378,0.375,0.29292929292929293,0.37373737373737376,Go,398,353,ethereum
ethereum/play,3,0.38095238095238093,0.6252537555826229,0.8905252054400251,0.9421437271619976,0.6385516506922257,0.354978354978355,1565,77,1642,35.0,55,0.11428571428571428,0.3333333333333333,0.3333333333333333,JavaScript,295,22,ethereum
ethereum/public-attacknets,4,0.6120689655172413,0.7466565349544073,0.9915152299036409,0.9957446808510638,0.7476066144473456,0.7444556451612904,2298,992,3290,1.0,14,1.0,1.0,0.75,,187,72,ethereum
ethereum/pytest-ethereum,4,0.40765765765765766,0.5771300448430493,0.5513886263548433,0.6795964125560539,0.5434451219512195,0.6707627118644067,3280,1180,4460,20.0,43,0.436046511627907,0.25,0.25,Python,285,18,ethereum
ethereum/remix-plugins-directory,45,0.7262324393358877,0.9227599221666914,0.432453147976542,0.5875421559465279,0.9370651052558204,0.8917911509460805,19925,4686,24611,3.0,320,0.6666666666666666,0.044444444444444446,0.4,TypeScript,234,50,ethereum
ethereum/remix-workshops,20,0.7484810126582279,0.8498366625609168,0.37653092865311244,0.5685481711562148,0.8219597315436241,0.9041677780741532,22350,14996,37346,1.0,370,1.0,0.1,0.7,Solidity,280,93,ethereum
ethereum/remix,41,0.892368429857138,0.9040112173544722,0.24899828804550078,0.3533922392264379,0.8972203001368706,0.9217095990796514,329045,227549,556594,1.0,231,1.0,0.0975609756097561,0.6097560975609756,JavaScript,410,1172,ethereum
ethereum/snake-charmers-tactical-manual,15,0.5549019607843138,0.7515367836605196,0.3433418466742233,0.5523497917906008,0.7563529677273753,0.7735294117647059,2954,408,3362,1.0,338,1.0,0.13333333333333333,0.5333333333333333,,335,107,ethereum
ethereum/solidity-underhanded-contest,5,0.6285714285714286,0.7606888617525454,0.8300334006524146,0.9067205641567294,0.7968049058708453,0.6804968374135615,356797,152565,509362,2.0,199,1.0,0.8,0.4,Solidity,178,149,ethereum
ethereumclassic/classic-guide,58,0.7012086740135087,0.9429962931270507,0.31419399901881145,0.4350001244493118,0.9482374865985662,0.9555675796162131,100639,100246,200885,1.0,23,1.0,0.017241379310344827,0.6551724137931034,Python,394,10,ethereum-classic
ethereumjs/ethereumjs-tx,31,0.6752688172043011,0.9361928358757522,0.5563168378924748,0.7013642496626855,0.9246785452142203,0.9459443404056035,44124,55931,100055,1.0,114,1.0,0.0967741935483871,0.5806451612903226,TypeScript,455,777,ethereum
ethereumjs/node-devp2p-dpt,6,0.5341880341880342,0.5501848917062864,0.33922176594649006,0.41340276205569393,0.6373886678036763,0.5137948332079257,1759,2658,4417,1.0,47,1.0,0.16666666666666666,0.6666666666666666,,470,16,ethereum
ethersphere/bee-docs,46,0.8812201838420665,0.9062610046458341,0.24841325617291543,0.42428288987281837,0.9114300695556838,0.9102936025132918,244446,237070,481516,1.0,168,1.0,0.06521739130434782,0.6304347826086957,JavaScript,194,35,blockchain
ethersphere/exportSwarmKey,3,0.08333333333333333,0.34074074074074073,0.4877366255144034,0.6518518518518519,0.36904761904761907,0.3188405797101449,112,23,135,1.0,3,1.0,1.0,0.6666666666666666,Go,156,65,blockchain
ethersphere/helm,12,0.7143640350877193,0.787045008848711,0.38978800835407434,0.5083943176926389,0.8004630911720361,0.7804347826086957,10833,3105,13938,52.0,165,0.1882474226804124,0.16666666666666666,0.25,Mustache,212,34,blockchain
ewasm/biturbo,6,0.6825396825396826,0.7438439362344603,0.6259842989222651,0.7609048644583462,0.7003574902084483,0.7952786016751544,63405,53607,117012,11.0,23,0.5777777777777777,1.0,0.16666666666666666,TypeScript,230,19,ethereum
ewasm/sentinel-rs,2,0.4473684210526316,0.49699474079639366,0.9940075447585492,0.9969947407963937,0.4976851851851852,0.4714285714285714,5184,140,5324,50.5,100,0.565,0.5,0.5,Rust,288,11,ethereum
Fantom-foundation/Artion-Contracts,5,0.4756756756756757,0.33865652724968315,0.2729662774428493,0.3594423320659062,0.40729789241899966,0.6281984334203655,3179,766,3945,1.0,26,1.0,1.0,0.6,Solidity,152,121,fantom
Fantom-foundation/lachesis-base,31,0.748160060542995,0.7688179864993754,0.1326954176114292,0.20936948411837855,0.7557513176873407,0.7973844035788089,191440,172849,364289,2.0,142,1.0,0.03225806451612903,0.3225806451612903,Go,185,18,fantom
fetchai/genesis-launch,12,0.42592592592592593,0.6744689221085759,0.2901415155366244,0.481904012588513,0.6883599339570721,0.6454022988505748,1817,725,2542,1.0,2,1.0,1.0,0.9166666666666666,,151,11,fetch
fetchai/ledger-archive,17,0.5550760844878492,0.7670215270141509,0.26983597204892906,0.40777921953887597,0.7612565192421068,0.7773272269850581,1389890,1217261,2607151,19.0,70,0.5,0.9411764705882353,0.058823529411764705,C++,288,28,fetch
fetchai/mettalex-market-maker,8,0.5792553191489361,0.5849604381267032,0.29144092428228774,0.4531938847444787,0.6110175252099594,0.6891855718396573,236117,239088,475205,9.5,55,0.755,0.5,0.25,Solidity,178,15,fetch
fetchai/research-dvrf,3,0.3333333333333333,0.6657349818279489,0.997233927699113,0.9986150630775816,0.6657427297715566,0.6546546546546547,158741,111,158852,3.0,4,0.75,1.0,0.3333333333333333,C++,213,20,fetch
flashbots/dowg,19,0.44258373205741625,0.49987528061860814,0.1917971294445318,0.4028436018957346,0.45103668261562996,0.7711670480549199,165,46,211,1.0,39,1.0,0.21052631578947367,0.6842105263157895,,44,25,ethereum
flashbots/flashbots-writings-website,34,0.6338667820069204,0.8254772161393069,0.18562086319910504,0.2571199395185455,0.8265242637909581,0.9017293011698636,67508,40955,108463,10.5,228,0.3666666666666667,0.17647058823529413,0.4411764705882353,MDX,128,14,ethereum
flashbots/mev-explore-public,2,0.2857142857142857,0.35185185185185186,0.747599451303155,0.8518518518518519,0.3979591836734694,0.22972972972972974,98,37,135,4.5,6,0.5,1.0,0.0,,157,58,ethereum
flashbots/mev-share-node,4,0.47549019607843135,0.6612617309697602,0.7319727166267433,0.8448383733055266,0.671700093283582,0.5729783037475346,8576,1014,9590,23.0,35,0.3380952380952381,0.75,0.25,Go,34,86,ethereum
flashbots/mev-share,4,0.2661290322580645,0.42178502879078694,0.4138075431984606,0.5719769673704415,0.4232217573221757,0.5665760869565217,1195,368,1563,6.5,13,0.5125,1.0,0.25,,44,120,ethereum
FuelLabs/fuel-js,6,0.7555555555555555,0.833169553114993,0.9993977042425505,0.9996987868158348,0.8331948663073171,0.8331259881294871,300914,167193,468107,1.0,67,1.0,0.8333333333333334,0.6666666666666666,JavaScript,215,80,ethereum
gatechain/gatechain-docs,11,0.5797598627787307,0.7064199937919529,0.30255731129736163,0.4251827251387111,0.7021707212213146,0.7189139638390003,89656,60296,149952,3.0,129,0.6666666666666666,0.09090909090909091,0.2727272727272727,JavaScript,230,13,gatetoken
gnosis/dx-uniswap-arbitrage,2,0.10869565217391304,0.012596044458774646,0.5003173206720148,0.5125960444587746,0.4855471802313626,0.49514964205746004,170209,158545,328754,14.0,17,0.37433155080213903,1.0,0.0,Solidity,258,30,gnosis
gnosis/gp-v2-contracts,12,0.6503504161191415,0.6816651728953457,0.30335559582968435,0.502289291396572,0.6654989339245367,0.7545475902805746,94271,49660,143931,19.5,80,0.7619047619047619,0.4166666666666667,0.3333333333333333,TypeScript,179,160,gnosis
gobitfly/eth.store,4,0.5219298245614035,0.6254692345356618,0.6773996700970315,0.8105108535988249,0.6756336149399733,0.48695518723143033,4498,1629,6127,83.5,192,0.06837322695035461,0.25,0.25,Go,88,61,ethereum
gobitfly/eth2-beaconchain-explorer,86,0.872355665918533,0.9098883413682375,0.15075847457556024,0.26546884328213555,0.9151661327162981,0.9024397680243496,759129,272687,1031816,1.0,307,1.0,0.09302325581395349,0.5465116279069767,Go,222,718,ethereum
golemfactory/yagna,39,0.7437383010963544,0.7544828973611758,0.10480418771196995,0.171041246357319,0.7500679481827731,0.7646366247459635,536608,355592,892200,54.0,281,0.5,0.05128205128205128,0.23076923076923078,Rust,223,333,golem-network-tokens
graphprotocol/contracts,33,0.7966450216450216,0.9441145861567447,0.6576247236426614,0.8039913709696183,0.9508163461350125,0.9182891895952934,6081643,1568811,7650454,4.0,187,1.0,0.12121212121212122,0.45454545454545453,TypeScript,271,312,the-graph
graphprotocol/graph-network-subgraph,17,0.7849509079850552,0.888448666552558,0.6275687319344619,0.7810449276646201,0.8791096321553821,0.9008789295217327,237829,202412,440241,46.0,265,0.4727272727272727,0.23529411764705882,0.4117647058823529,TypeScript,247,67,the-graph
hashgraph/hedera-sdk-js,75,0.871976401179941,0.9092898798159814,0.16407046401055003,0.3209102530676782,0.9077536518875204,0.9196961487674836,1355897,1022123,2378020,5.0,276,1.0,0.24,0.4266666666666667,JavaScript,239,246,hedera-hashgraph
holochain/holochain,59,0.8763636491479719,,,,,,0,0,0,24.0,290,0.6509433962264151,0.2711864406779661,0.3728813559322034,Rust,214,883,holo
holochain/sodoken,2,0.41935483870967744,0.46940034064879893,0.9406733596024168,0.9694003406487989,0.444736649864855,0.4978903843719674,27378,23701,51079,122.5,238,0.2773109243697479,1.0,0.0,Rust,188,17,holo
HorizenOfficial/Sphere_by_Horizen,7,0.33613445378151263,0.5086139666784828,0.29882752803108203,0.4818858560794045,0.5265337256183938,0.47686688311688313,1311,704,2015,80.0,324,0.05246913580246913,0.2857142857142857,0.14285714285714285,,272,85,horizen
HorizenOfficial/zen,99,0.7985407829513058,,,,,,0,0,0,68.0,419,0.23157894736842105,0.030303030303030304,0.050505050505050504,C++,318,256,horizen
HorizenOfficial/zenchat,3,0.6091954022988506,0.6665642724709548,0.9997586656025332,0.9998793211264825,0.666613743412945,0.6650969839668124,88178,2973,91151,1.0,7,1.0,0.6666666666666666,0.6666666666666666,JavaScript,338,13,horizen
hyperledger/aries-askar,22,0.8715884547418025,0.9121366378644875,0.4863056079983329,0.593100612567848,0.9125325787904456,0.9117783902586009,362443,328256,690699,1.5,293,1.0,0.3181818181818182,0.5,Rust,198,52,hyperledger
hyperledger/aries-cloudagent-loadgenerator,6,0.7616822429906542,0.7521640557702074,0.700619957614884,0.8277734286219349,0.7351514439089377,0.809702414484933,85070,33727,118797,10.5,59,0.4636803874092009,0.3333333333333333,0.16666666666666666,Kotlin,114,16,hyperledger
hyperledger/aries-framework-go-ext,12,0.41865079365079366,0.491673539923805,0.14972856517336747,0.23403440556144692,0.461014390463867,0.6335800276297612,25503,8445,33948,47.5,182,0.13115079365079363,0.16666666666666666,0.16666666666666666,Go,176,14,hyperledger
hyperledger/fabric-chaincode-node,46,0.6847826086956522,0.9283041545800637,0.5695776472553382,0.7491130136415259,0.9091142282239251,0.9482893301301709,248316,291433,539749,17.5,394,0.3484848484848485,0.06521739130434782,0.43478260869565216,JavaScript,342,233,hyperledger
hyperledger/fabric-rfcs,25,0.5176470588235295,0.4943795948987247,0.07627885591052677,0.1452363090772693,0.47011303129378795,0.8185295238095238,10705,2625,13330,1.0,270,1.0,0.04,0.6,,228,30,hyperledger
hyperledger/fabric-sdk-py,42,0.7049392823031791,0.8464993236503234,0.174494558189549,0.3260421074904782,0.8705650178727927,0.858995543864617,149096,153368,302464,1.5,318,1.0,0.07142857142857142,0.5,Python,388,401,hyperledger
hyperledger/firefly-evmconnect,18,0.6925552756787013,0.8451754568394199,0.4769243812332038,0.6680496630895932,0.8418918845182166,0.8543905660556649,40726,23386,64112,22.5,194,0.26493256262042386,0.2777777777777778,0.2222222222222222,Go,91,12,hyperledger
hyperledger/indy-besu,14,0.726890756302521,0.7684260699957983,0.2976088296925777,0.3529714127555257,0.7599871828086011,0.7822355712915445,366695,290871,657566,5.0,103,0.8166666666666667,0.35714285714285715,0.5,Rust,5,11,hyperledger
icon-project/devportal,18,0.5875420875420876,0.8843240183212393,0.5505598967858835,0.7227651690597499,0.8663334393704554,0.9113156027413256,49249,37111,86360,23.0,75,0.23098039215686272,0.16666666666666666,0.3333333333333333,Solidity,140,12,icon
icon-project/icon-sdk-python,12,0.593915343915344,0.6278728606356968,0.2095968723285968,0.341760391198044,0.626559444332052,0.6354592895688786,14829,5621,20450,42.5,317,0.15886699507389163,0.16666666666666666,0.25,Python,286,44,icon
icon-project/iconex_android,9,0.7585654819084214,0.7711438860160934,0.4709891996942879,0.6384755581035176,0.736941572861628,0.8389011317777761,217650,132957,350607,1.0,77,1.0,0.2222222222222222,0.5555555555555556,Java,289,16,icon
icon-project/IIPs,10,0.5456521739130434,0.5758052434456928,0.2700909755439907,0.4632958801498127,0.551894832275612,0.6979158316633266,5515,2495,8010,5.0,259,0.41666666666666663,0.3,0.2,,298,35,icon
icon-project/java-score-examples,2,0.45535714285714285,0.4986689147218032,0.9973413730196421,0.9986689147218032,0.4987107360525082,0.49853854585312385,8532,2737,11269,96.0,183,0.32877959927140255,0.5,0.0,Java,178,15,icon
icon-project/LFT2,4,0.5235294117647059,0.5473146885384453,0.513843636449037,0.6058469871881063,0.5341003316749585,0.5638599299217026,28944,23117,52061,22.0,42,0.6625,0.75,0.25,Python,210,18,icon
iExecBlockchainComputing/iexec-solidity,4,0.7125,0.7484042553191489,0.9939890276834665,0.9969858156028368,0.7481821055959532,0.748687928946306,12652,9908,22560,1.5,89,1.0,0.5,0.5,Solidity,266,10,rlc
INFURA/go-libs,2,0.4583333333333333,0.4887005649717514,0.977656484407418,0.9887005649717514,0.48846387370977534,0.4892966360856269,1647,654,2301,28.5,56,0.5803571428571429,1.0,0.5,Go,370,16,tools
input-output-hk/cardano-haskell,12,0.6038812785388128,0.7436155504046196,0.35708933047673236,0.5487373429303404,0.7138493723849373,0.8616111611161116,5975,2222,8197,17.5,113,0.31666666666666665,0.25,0.3333333333333333,Shell,216,24,cardano
input-output-hk/cardano-wallet-legacy,39,0.6822932159359073,0.8312694591682107,0.21430944601862734,0.37070878947969377,0.8202626234826592,0.8666020902056926,209066,150011,359077,20.0,60,0.4642857142857143,0.6666666666666666,0.10256410256410256,Haskell,278,21,cardano
input-output-hk/catalyst-voices,30,0.6541584158415842,0.7510714838796088,0.12932110338987765,0.20341368067269097,0.7416284460423764,0.7806726384636499,3239743,1538677,4778420,60.0,122,0.47947454844006565,0.6333333333333333,0.13333333333333333,Rust,22,13,cardano
input-output-hk/high-assurance-legacy,6,0.6338028169014085,0.6851453755222091,0.5685626127533774,0.7342775248693306,0.6174556609855614,0.7693719214965674,77039,65305,142344,41.0,199,0.3830516217450891,0.3333333333333333,0.0,Haskell,357,78,cardano
input-output-hk/marlowe-starter-kit,10,0.7624113475177305,0.8036298557439039,0.46938887298028964,0.5789403419136484,0.8194222531654531,0.7787813486903213,169486,107660,277146,1.0,41,1.0,0.9,0.6,Jupyter Notebook,52,17,cardano
input-output-hk/shelley-testnet,5,0.5116279069767442,0.7168047588697685,0.7113649763545508,0.8304652644996813,0.7190384615384615,0.710054844606947,4160,547,4707,1.0,27,1.0,1.0,0.6,,245,70,cardano
iotaledger/cliri,44,0.7792153589315526,0.9339254088536583,0.3211327648811337,0.40993121234100854,0.9484293395051792,0.9591423961608193,2581537,2691938,5273475,3.0,98,0.9375,0.2727272727272727,0.4772727272727273,Java,274,24,iota
iotaledger/entangled,17,0.7969124301304232,0.8641071301256178,0.45566724264430747,0.6347558703823353,0.8458092323999354,0.8922321019264957,255726,168352,424078,34.0,106,0.42857142857142855,0.47058823529411764,0.35294117647058826,C,297,113,iota
iotaledger/firefly,40,0.68485559566787,0.7333380529134443,0.09330303472114279,0.1713910029437009,0.7405961028336266,0.7286170796443343,1734491,998803,2733294,42.5,249,0.5497076023391814,0.175,0.325,TypeScript,199,470,iota
iotaledger/iota-core,16,0.49405884103988884,0.5571085727528512,0.13039442672343715,0.22012995349788597,0.5639238789633024,0.5688008988432735,518917,400181,919098,48.5,69,0.8090909090909091,0.875,0.1875,Go,53,38,iota
iotaledger/iota-identity-tutorial,2,0.46296296296296297,0.02531997774067891,0.501282202545577,0.525319977740679,0.07864182530039152,0.2534814814814815,7407,3375,10782,27.5,54,0.5555555555555556,1.0,0.5,TypeScript,140,11,iota
iotaledger/iota-java,22,0.7330521711965011,0.8634608357555813,0.35100863467917753,0.5314211465834436,0.861440248915354,0.8688637737569141,54228,28121,82349,1.0,78,1.0,0.13636363636363635,0.5454545454545454,Java,382,144,iota
iotaledger/iri,58,0.7854996518743816,0.9596576495602165,0.45462095581447376,0.6284653637703529,0.9583507740790822,0.9659167349571425,2615671,831009,3446680,1.0,138,1.0,0.10344827586206896,0.5172413793103449,Java,382,1153,iota
ledgerwatch/erigon-lib,47,0.9071180682666823,0.9089664763690504,0.3132093818066749,0.5167621653981014,0.9051601640209492,0.920195163090069,197048,106970,304018,1.0,199,1.0,0.02127659574468085,0.5106382978723404,Go,139,57,ethereum
ledgerwatch/erigon,98,0.8062038229795817,,,,,,0,0,0,94.0,570,0.36318310685306476,0.30612244897959184,0.0,Go,247,2708,ethereum
LiskHQ/lisk-sdk-examples,21,0.751128818061089,0.8662361212432488,0.5248003711998055,0.7145547327623715,0.8523590880231618,0.8939755412630896,1562665,1232151,2794816,11.0,230,0.5,0.14285714285714285,0.2857142857142857,JavaScript,249,36,lisk
livepeer/grants,10,0.6275,0.79561053471668,0.6181958192596348,0.7781324820430966,0.8127868852459016,0.7627218934911243,915,338,1253,3.0,69,0.7,0.1,0.5,,215,44,livepeer
livepeer/merkle-mine,3,0.5523809523809524,0.5600098188122306,0.7350312801463639,0.8436047314401436,0.5752039526600023,0.5294932151758516,14505,7222,21727,2.0,16,1.0,1.0,0.3333333333333333,JavaScript,306,29,livepeer
maidsafe/safenetwork.tech,14,0.5500610500610501,0.8455415048668924,0.5017546483759061,0.6666038535827012,0.8709278533444974,0.7983722160192749,51526,12155,63681,23.0,266,0.35185185185185186,0.07142857142857142,0.35714285714285715,JavaScript,292,16,maidsafecoin
maidsafe/sn_browser,68,0.8645972322824139,0.9603995205657706,0.49844634315509684,0.6858464234636258,0.9656045901056678,0.960928514242213,442881,394773,837654,1.0,173,1.0,0.058823529411764705,0.6029411764705882,TypeScript,372,201,maidsafecoin
maidsafe/xor_name,17,0.5405405405405406,0.7580263656701675,0.2564555414203085,0.42361804483979304,0.77476257538006,0.749219127775527,6516,4501,11017,3.0,239,0.75,0.23529411764705882,0.47058823529411764,Rust,428,11,maidsafecoin
makerdao/arbitrage-keeper,3,0.0,0.524822695035461,0.7066545948392938,0.8297872340425532,0.5299145299145299,0.5833333333333334,39,8,47,1.0,1,1.0,0.3333333333333333,1.0,Python,325,115,general
makerdao/dss-charter,6,0.6948051948051948,0.700004497515123,0.5412728911720719,0.7015448964447143,0.6727683122178535,0.7922834024077363,11445,3378,14823,1.0,34,1.0,1.0,0.6666666666666666,Solidity,137,13,general
makerdao/dss-lite-psm,4,0.6428571428571429,0.2078262576411867,0.30758900448685456,0.4578262576411867,0.1285569269440237,0.7389872597711078,31031,4631,35662,1.0,82,1.0,0.25,0.75,,20,14,general
makerdao/market-maker-keeper,12,0.6164021164021164,0.6897180281326623,0.27676723188889985,0.45760743321718933,0.7267806100473785,0.7673172072567345,8513,1819,10332,8.0,94,0.40804597701149425,0.3333333333333333,0.25,Python,325,466,general
makerdao/mcd-changelog,16,0.8635204081632653,0.6824089029590387,0.1990471828506457,0.3253391911099625,0.676017030408182,0.8545232796987333,32853,5842,38695,1.5,133,1.0,0.3125,0.5,HTML,252,24,general
makerdao/optimism-dai-bridge,6,0.7480252764612955,0.7789895192233409,0.8063876218393782,0.8951149795277212,0.7693280389515234,0.8055111194755497,28206,10627,38833,1.0,41,1.0,0.8333333333333334,0.6666666666666666,TypeScript,154,71,general
makerdao/osm,5,0.5266666666666666,0.6512578616352201,0.6431077192357898,0.7924528301886793,0.671774647887324,0.6330299089726918,1775,769,2544,44.0,141,0.08791208791208792,0.4,0.2,Solidity,313,20,general
makerdao/pyexchange,10,0.6381294964028777,0.6343549796156086,0.39753330462547093,0.6116409435061153,0.6300745321915636,0.7273131672597865,25224,2248,27472,42.0,95,0.17692307692307693,0.1,0.2,Python,318,75,general
maticnetwork/bor,99,0.7730954393664154,,,,,,0,0,0,121.0,594,0.23574144486692014,0.35353535353535354,0.0,Go,225,936,polygon
maticnetwork/maticjs-ethers,4,0.34375,0.5359151434951617,0.5076659177374762,0.5819617897609792,0.5287804211101996,0.6107142857142858,21942,2240,24182,18.0,67,0.38916256157635465,0.25,0.25,TypeScript,123,11,polygon
matter-labs/block-explorer,28,0.7583056478405316,0.8860753180303244,0.4404629859647291,0.6353076249041606,0.8834073580462969,0.8964836506810606,374521,136751,511272,10.0,130,0.41428571428571426,0.42857142857142855,0.32142857142857145,TypeScript,25,82,
matter-labs/hackathon-winner-projects,2,0.4090909090909091,0.31521739130434784,0.6987240075614366,0.8152173913043478,0.24242424242424243,0.5,66,26,92,1.0,1,1.0,1.0,1.0,,54,18,
matter-labs/zksync-dapp-checkout,9,0.676670239371204,0.7660154707217117,0.4427787476625449,0.5492016104447645,0.8006484569668884,0.7667634247853616,356196,309707,665903,2.0,170,1.0,0.2222222222222222,0.4444444444444444,Vue,155,100,
MetaMask/design-tokens,13,0.6797202797202797,0.8463578134495086,0.5920881529690856,0.7558906756377141,0.8394092973428394,0.8717091641337797,89109,56842,145951,7.0,147,0.3333333333333333,0.3076923076923077,0.23076923076923078,TypeScript,109,23,tools
MetaMask/extension-provider,9,0.5650793650793651,0.799288272564065,0.5179808299555085,0.6072695592818459,0.7919492803981253,0.8107089558947804,129987,92695,222682,1.0,130,1.0,0.2222222222222222,0.5555555555555556,JavaScript,289,60,tools
MetaMask/json-rpc-middleware-stream,14,0.5252100840336135,0.7459263375897117,0.2826618166992427,0.4265872412849892,0.7459395820512135,0.7546610746143092,21356,11547,32903,7.0,186,0.525,0.5714285714285714,0.35714285714285715,TypeScript,339,11,tools
MetaMask/metamask-desktop,60,0.8173979607003775,,,,,,0,0,0,33.5,380,0.5765510733663599,0.13333333333333333,0.1,TypeScript,91,56,tools
MetaMask/nft-tickets-workshop,3,0.47058823529411764,0.6653321767754276,0.9969343863500677,0.9984653366250751,0.665938317969728,0.6393762183235867,14645,342,14987,1.0,5,1.0,1.0,0.6666666666666666,JavaScript,103,22,tools
MetaMask/nonce-tracker,14,0.5706436420722135,0.712861776061776,0.31650273145361585,0.5272216216216217,0.7249446109735436,0.7667437974032651,15346,7779,23125,25.5,262,0.1841346153846154,0.42857142857142855,0.2857142857142857,JavaScript,251,42,tools
MetaMask/rpc-errors,15,0.6213991769547325,0.773777148253069,0.27203663935791156,0.388792492917847,0.7784082141373375,0.7733942000994938,33698,22782,56480,27.0,271,0.11538461538461539,0.4,0.4,TypeScript,237,132,tools
MetaMask/snap-simple-keyring,18,0.6871939736346516,0.7377307488920564,0.20900896190861112,0.3312033435605054,0.7628509933968499,0.7595536256607089,56993,25793,82786,18.5,120,0.5125,0.2777777777777778,0.3333333333333333,TypeScript,49,11,tools
MetaMask/snaps-simulator,3,0.3515151515151515,0.533455523833022,0.6831479440662132,0.8037432589616157,0.5455956538610788,0.3478760045924225,26629,1742,28371,1.0,3,1.0,1.0,0.6666666666666666,TypeScript,41,11,tools
MetaMask/template-snap-monorepo,13,0.7153053132434576,0.7378820172755731,0.2655121032478401,0.35955112859881316,0.7413156467504294,0.7322072296308542,136160,81898,218058,11.0,197,0.24786324786324787,0.15384615384615385,0.3076923076923077,TypeScript,96,108,tools
MetaMask/template-snap,10,0.5439024390243903,0.7939651633335288,0.4704850938255277,0.5127558500967685,0.8260587493242025,0.8678145472870822,11098,5953,17051,1.0,31,1.0,0.2,0.6,JavaScript,114,47,tools
MetaMask/test-dapp,47,0.6499596799206004,0.8260213994869224,0.13656059025931816,0.25651877484338215,0.8173477702886235,0.8474786703941164,47233,30504,77737,4.0,250,0.6666666666666666,0.10638297872340426,0.3829787234042553,JavaScript,222,548,tools
MetaMask/web3-provider-engine,60,0.8497622444127437,0.9494338037853763,0.37180848917866693,0.5659028892979776,0.941674545035706,0.9667136754251406,180875,202090,382965,1.0,439,1.0,0.1,0.6166666666666667,JavaScript,428,588,tools
monero-project/monero-site,100,0.7548252344416028,0.8685805381660687,0.1722372438327892,0.387466320361747,0.8587193165364391,0.9093920119943738,616741,258788,875529,34.0,569,0.15192307692307694,0.11,0.12,HTML,477,259,monero
nanocurrency/nano-whitepaper,2,0.3,0.49776434545002896,0.9955386872025915,0.997764345450029,0.4977587781190338,0.5,12047,30,12077,50.0,99,0.5151515151515151,0.5,0.5,TeX,257,11,nano
nervosnetwork/ckb-production-scripts,5,0.5161290322580645,0.6646547735334944,0.6018409213825373,0.7519793326821244,0.6924919870360091,0.6193560140274172,55847,21957,77804,1.0,189,1.0,0.2,0.6,C,205,14,nervos-network
nervosnetwork/ckb-sdk-java,17,0.7578574049162284,0.8232816945102672,0.3246009575786798,0.3849743566049069,0.8201099058853465,0.8288273459502186,86459,65042,151501,24.0,117,0.5,0.058823529411764705,0.11764705882352941,Java,270,26,nervos-network
nervosnetwork/force-bridge,10,0.4278538812785388,0.555912433214015,0.20457223127244503,0.3046807497663593,0.5275040335714339,0.6269870395562446,132017,94827,226844,16.5,90,0.7867647058823529,0.1,0.2,TypeScript,158,35,nervos-network
nervosnetwork/overlord,9,0.4444444444444444,0.7987449742606997,0.5453200301148842,0.700879269529929,0.7877055756117128,0.8361073624231519,4432,1482,5914,1.0,44,1.0,0.2222222222222222,0.6666666666666666,Rust,239,79,nervos-network
NethermindEth/eigenlayer,7,0.6735491071428571,0.72809708311559,0.4945476990277742,0.6059384402259789,0.7323640179993591,0.7195933439455077,123052,61744,184796,8.0,22,1.0,1.0,0.42857142857142855,Go,39,29,ethereum
NethermindEth/nethermind,98,0.8512716240409665,,,,,,0,0,0,28.5,343,0.4444444444444444,0.5918367346938775,0.04081632653061224,C#,339,1074,ethereum
nknorg/nconnect,5,0.611904761904762,0.5072054682934604,0.369718587164792,0.5011953037842433,0.550063371356147,0.5112440684959769,37083,19388,56471,31.0,171,0.2222222222222222,0.6,0.0,Go,183,99,nkn
nknorg/nMobile,7,0.7926669576604103,0.66126667776345,0.4038621470439674,0.5513363267909105,0.6508350310485312,0.6774825694733083,303419,195224,498643,11.0,273,0.9230769230769231,0.14285714285714285,0.14285714285714285,Dart,195,44,nkn
OffchainLabs/arbitrum-sdk,54,0.8691796579274254,,,,,,0,0,0,16.0,194,0.7225274725274725,0.037037037037037035,0.3333333333333333,TypeScript,101,194,ethereum
OffchainLabs/nitro-contracts,39,0.8086879269674968,0.8343816607700785,0.1552212606354226,0.28981171160169517,0.8264895686680731,0.8556363466605963,273573,168621,442194,50.0,198,0.2222222222222222,0.2564102564102564,0.2564102564102564,Solidity,41,65,ethereum
OffchainLabs/token-bridge-contracts,58,0.8753562330959455,,,,,,0,0,0,3.0,225,1.0,0.06896551724137931,0.46551724137931033,Solidity,80,117,ethereum
omgnetwork/web-wallet,10,0.846031746031746,0.8946253195583579,0.9591850514750612,0.9792030588874655,0.8940784600066379,0.8956615208757032,376625,344683,721308,1.0,52,1.0,0.8,0.6,JavaScript,212,23,omg
onflow/flow-cli,78,0.8398274936233051,0.872468149276664,0.11482505763828135,0.19482348583793058,0.8722312439765357,0.8917049663049641,113259,91937,205196,1.0,328,1.0,0.24358974358974358,0.5128205128205128,Go,173,202,flow
onflow/vscode-cadence,19,0.7674342105263158,0.8638684422641567,0.4206499462466856,0.6064512347035979,0.8589051594950037,0.8744970643655652,181154,160021,341175,8.0,326,0.5,0.2631578947368421,0.3684210526315789,TypeScript,191,53,flow
OpenZeppelin/cairo-contracts,90,0.8608662900188324,0.9189698614543784,0.15364505331072084,0.24392226453268553,0.919488164910257,0.9214987039778674,695263,487003,1182266,1.0,184,1.0,0.13333333333333333,0.6111111111111112,Rust,131,756,ethereum
OpenZeppelin/chai-bn,9,0.644122383252818,0.699833176420065,0.3455445771881611,0.4900401367623012,0.6581928231733679,0.7843811517280905,8995,4459,13454,3.0,159,0.6666666666666666,0.2222222222222222,0.4444444444444444,JavaScript,269,14,ethereum
OpenZeppelin/crafty,3,0.44280442804428044,0.3736546048684777,0.49721217291187836,0.5798873573440048,0.3944532013415239,0.3205268109125118,67883,26575,94458,7.0,17,0.7142857142857143,1.0,0.0,JavaScript,314,48,ethereum
OpenZeppelin/defender-serverless,12,0.6776315789473685,0.8219614758545849,0.6354119177459903,0.7914812805208898,0.8240492170022371,0.8334257059910266,30545,6315,36860,1.5,76,1.0,0.16666666666666666,0.5,TypeScript,76,20,ethereum
OpenZeppelin/polkadot-runtime-template,9,0.6145018257694314,0.7393981898941322,0.40762447752697334,0.5629095281033965,0.7371655828375392,0.7447815860949094,156595,76295,232890,30.0,113,0.5925925925925926,0.2222222222222222,0.3333333333333333,Rust,17,17,ethereum
OriginProtocol/dshop,17,0.737675861304974,0.896408172782838,0.6798996205805087,0.818787434498113,0.8828790739869592,0.9158334003569278,487799,432976,920775,8.0,64,0.7096774193548387,0.058823529411764705,0.4117647058823529,JavaScript,199,139,origin-protocol
OriginProtocol/origin-website,46,0.8899667717954495,0.8906913361039905,0.1885513117078343,0.3059665545478414,0.8916336714585174,0.8926835245576126,887854,563285,1451139,7.5,360,0.4880191693290735,0.021739130434782608,0.34782608695652173,HTML,325,39,origin-protocol
pancakeswap/pancake-smart-contracts,3,0.0,0.4213204379670485,0.5330693262474183,0.651780541070553,0.42186623264179196,0.6666666666666666,179406,90,179496,1.0,1,1.0,0.6666666666666666,1.0,TypeScript,99,241,binance
pancakeswap/pancake-toolkit,36,0.8002962962962963,0.8871418863513195,0.2590129052123155,0.40775159815796863,0.9017318260001299,0.8596942328263388,357423,112493,469916,4.5,53,0.8784965034965035,0.2777777777777778,0.4722222222222222,TypeScript,155,303,binance
paritytech/cachepot,100,0.8102911737943586,0.9094757993499528,0.11964515043946841,0.18389718793196386,0.9124717200169185,0.9117484590163935,111121,76250,187371,1.0,369,1.0,0.01,0.56,Rust,171,172,general
paritytech/canvas,12,0.5689300411522634,0.6742616757514538,0.2341654968112573,0.3551325870678373,0.6456236912756084,0.7269357495881383,50781,27922,78703,19.5,79,0.16143011917659805,0.5833333333333334,0.16666666666666666,Rust,213,69,general
paritytech/command-bot,11,0.7033371691599539,0.8006549889839014,0.4393442325786562,0.594697227323222,0.7980761679723153,0.8046001887385971,52093,36125,88218,61.0,161,0.15527950310559005,0.2727272727272727,0.2727272727272727,TypeScript,143,12,general
paritytech/extended-parachain-template,15,0.6303030303030303,0.8602423859205396,0.4597718987194751,0.5890926335757193,0.8473946646721516,0.9143126912808491,42784,20476,63260,1.0,46,1.0,0.13333333333333333,0.6666666666666666,Rust,65,25,general
paritytech/lunarity,2,0.45081967213114754,0.06926289231572308,0.5095946965038789,0.569262892315723,0.054062786980034694,0.28800675675675674,29401,16576,45977,27.0,53,0.5754716981132075,1.0,0.5,Rust,324,51,general
paritytech/smoldot,21,0.8931858739551047,0.9220990783221308,0.6265642047377943,0.7673791362039121,0.9208169049162986,0.9250398735664821,704753,393446,1098199,1.0,146,1.0,0.3333333333333333,0.5238095238095238,Rust,209,292,general
paritytech/substrate-open-working-groups,9,0.6055555555555555,0.7374485596707819,0.4304320987654321,0.6104938271604938,0.7756781725035693,0.6068088290310513,1323,297,1620,1.0,51,1.0,0.1111111111111111,0.7777777777777778,,166,34,general
paritytech/unsigned-varint,11,0.615553121577218,0.8109912686183872,0.7070250850294898,0.8380414312617702,0.8288430229504753,0.7702984038861902,1731,393,2124,3.0,114,0.6666666666666666,0.2727272727272727,0.36363636363636365,Rust,293,18,general
paritytech/wasm-instrument,24,0.8105179704016914,0.8242413035472415,0.26138930322866843,0.36335037357451827,0.8110824403392282,0.8575181671815848,30422,22981,53403,1.0,218,1.0,0.125,0.5416666666666666,Rust,110,42,general
Phala-Network/phala-docs-old,3,0.43478260869565216,0.6542691368394854,0.9636753563558311,0.9814970367259321,0.6547311670807554,0.6437546193643755,41054,1804,42858,12.0,24,0.20833333333333334,0.6666666666666666,0.0,,206,23,phala-network
project-serum/serum-js,9,0.6722571628232006,0.8473100410722006,0.7812572467061624,0.880046206225681,0.8450707235875321,0.8591992802519118,20793,12103,32896,2.0,13,1.0,1.0,0.4444444444444444,TypeScript,185,80,serum
ProjectOpenSea/nft-tutorial,2,0.16666666666666666,0.24193548387096775,0.6170655567117587,0.7419354838709677,0.29310344827586204,0.5,29,2,31,1.0,1,1.0,1.0,1.0,JavaScript,116,95,opensea
ProjectOpenSea/seaport-gossip,3,0.5405405405405406,0.6662139526461135,0.9988913586694184,0.9994454253248223,0.6662263804806458,0.6661939372451693,54510,33846,88356,10.0,69,0.2,0.3333333333333333,0.0,TypeScript,88,124,opensea
ProjectOpenSea/wyvern-js,7,0.48,0.8226685079818273,0.8668015707626003,0.9300392906337839,0.8178037753414521,0.8296977497669877,813898,563275,1377173,12.0,96,0.5,0.2857142857142857,0.2857142857142857,TypeScript,302,23,opensea
prysmaticlabs/go-ssz,14,0.7998652291105122,0.9151708314463753,0.924316435167541,0.9611464552306476,0.9115040298024871,0.9220441890642699,72017,65834,137851,1.5,86,1.0,0.14285714285714285,0.5,Go,247,27,ethereum
prysmaticlabs/gohashtree,5,0.65,0.7900642695848532,0.9732624210618375,0.9865091772335128,0.7874769797421731,0.7963943661971831,11946,5325,17271,57.0,122,0.07407407407407407,0.2,0.4,Assembly,110,14,ethereum
qtumproject/documents,17,0.5564538611653193,0.7199581951539382,0.20903722814179274,0.35828596271050195,0.7181787144580235,0.8235225538772781,104756,17155,121911,11.0,253,0.25,0.11764705882352941,0.29411764705882354,HTML,319,19,qtum
qtumproject/qtum-bitcore,10,0.7515942028985507,,,,,,0,0,0,34.5,152,0.2638888888888889,0.4,0.3,C++,357,12,qtum
quantnetwork/blockchain-developer-exercises-foundations,3,0.30303030303030304,0.6560196110714743,0.9766156783237989,0.988200428077493,0.6528053429102479,0.6604712041884817,10581,7640,18221,6.0,48,0.5,0.3333333333333333,0.3333333333333333,JavaScript,115,18,quant
Rari-Capital/nova,2,0.4984076433121019,0.49999210609409533,0.9999842123128182,0.9999921060940954,0.4999930943518704,0.49999078774032485,144809,108551,253360,25.0,49,0.7244897959183674,0.5,0.5,TypeScript,150,215,ethereum
reef-defi/reef-client,4,0.6956521739130435,0.7434725321616182,0.9770395233495807,0.9883981755381412,0.744966053502002,0.7376817504288888,137864,35557,173421,18.5,37,0.8888888888888888,0.75,0.5,TypeScript,179,23,reef
ripple/ripple-client-desktop,41,0.8537728148365821,0.8942511596912993,0.27054210502360515,0.36093426037338816,0.8850440044529221,0.9066532719423352,472915,400546,873461,7.0,157,0.6942675159235668,0.17073170731707318,0.3902439024390244,JavaScript,487,120,ripple
ripple/ripplecharts-frontend,13,0.8393632416787264,0.9179821948975863,0.9585003271796633,0.9789257137725189,0.9177385347684116,0.9183762879922792,430467,282155,712622,5.0,277,0.8181818181818182,0.23076923076923078,0.38461538461538464,JavaScript,529,185,ripple
rocket-pool/rocketpool-js,6,0.6909090909090909,0.7614453210607057,0.7087616358705495,0.8308086785009862,0.7582069914859474,0.7658504161429318,175318,128882,304200,22.0,127,0.4953869047619048,0.5,0.3333333333333333,TypeScript,280,12,ethereum
rocket-pool/rocketpool-research,5,0.6417582417582418,0.7016107966913365,0.725507613515689,0.8456247279059643,0.692063492063492,0.7611345805672903,9828,1657,11485,17.0,151,0.23529411764705882,0.4,0.4,,139,40,ethereum
rocket-pool/RPIPs,27,0.7010862452558566,0.7599901210970087,0.202543415480492,0.38706314211863857,0.7481439780012485,0.8051218748100455,30197,15842,46039,13.0,181,0.49171270718232046,0.3333333333333333,0.3333333333333333,HTML,92,10,ethereum
scaffold-eth/buidlguidl-v3,13,0.8656262947106753,0.9087882452743221,0.9244926236931821,0.9613121837865564,0.9095942378181632,0.9049461438581919,228076,29266,257342,1.0,191,1.0,0.23076923076923078,0.6153846153846154,JavaScript,106,13,tools
sigp/public-audits,11,0.596694214876033,0.6211950319347024,0.22444357477511842,0.34509333475710274,0.7323043519305201,0.6385565102490606,173340,426008,599348,14.0,333,0.21428571428571427,0.18181818181818182,0.45454545454545453,JavaScript,279,113,ethereum
singnet/alpha-dapp,8,0.47898230088495575,0.5846240729033353,0.2771994544548214,0.32511217676900067,0.6484214321963727,0.7481897935361495,74878,54828,129706,1.5,32,1.0,0.625,0.5,JavaScript,323,20,singularitynet
singnet/semantic-vision,11,0.6460111317254175,0.6423923177110443,0.2576838764180438,0.40118838588187394,0.6063518170725644,0.7728730477407243,118835,38353,157188,36.0,84,0.4166666666666667,0.36363636363636365,0.18181818181818182,Python,305,33,singularitynet
singnet/snet-cli,30,0.6502090459901179,0.8052943413813608,0.23802530999445218,0.43135248646013574,0.7870121574075013,0.8332636743594403,98623,88048,186671,9.5,130,0.4797297297297297,0.03333333333333333,0.23333333333333334,Python,304,71,singularitynet
smartcontractkit/chainlink-automation-templates,4,0.436046511627907,0.6755237194215434,0.7473778964662126,0.8518516015677794,0.6515697795186801,0.727177228419683,101097,46883,147980,37.0,51,0.2492401215805471,0.5,0.0,Solidity,99,34,chainlink
smartcontractkit/chainlink-solana-demo,3,0.26666666666666666,0.6329599668118647,0.915334388016956,0.9559738643434972,0.6487003667676606,0.39490445859872614,6271,157,6428,1.0,24,1.0,1.0,0.6666666666666666,TypeScript,130,36,chainlink
smartcontractkit/foundry-starter-kit-old,6,0.6550387596899225,0.8229391973083393,0.9623368892003147,0.9808940158615718,0.8247220615641668,0.8111726685133888,5187,361,5548,1.0,17,1.0,1.0,0.6666666666666666,Solidity,101,208,chainlink
smartcontractkit/full-blockchain-solidity-course-js,27,0.7256944444444444,0.9192059180417737,0.6008827705169759,0.7566938300349243,0.9194883370955605,0.9308158442713086,4430,1583,6013,1.0,122,1.0,0.07407407407407407,0.7777777777777778,,109,10833,chainlink
smartcontractkit/hello_chainlink,3,0.3125,0.38270015024683407,0.5083165789662448,0.5790942262288045,0.3984921917070544,0.3398432310349409,6809,2509,9318,2.0,5,1.0,1.0,0.3333333333333333,JavaScript,314,12,chainlink
smartcontractkit/operator-ui,66,0.6815668533678012,0.8683207276836447,0.13804449862047072,0.22415853649010709,0.8721395969191194,0.883061836155411,172013,84029,256042,5.0,209,0.6666666666666666,0.045454545454545456,0.3484848484848485,TypeScript,77,12,chainlink
smartcontractkit/schemas,3,0.26666666666666666,0.4215726636475916,0.5345659462366448,0.6348291477974475,0.4277456647398844,0.4105504587155963,1557,872,2429,45.0,73,0.0547945205479452,0.6666666666666666,0.3333333333333333,,388,17,chainlink
solana-labs/defi-hackathon,2,0.4318181818181818,0.33047210300429186,0.7184236217281585,0.8304721030042919,0.2507987220447284,0.4934640522875817,313,153,466,6.0,9,0.7777777777777777,1.0,0.0,,161,164,solana
solana-labs/example-move,3,0.5788617886178862,0.42066898841823924,0.5340727235795554,0.6322183526362679,0.49766331908123695,0.5775836972343522,20114,4580,24694,45.0,48,0.22916666666666666,1.0,0.0,JavaScript,238,13,solana
solana-labs/metaplex,9,0.6160616061606161,0.8308137272449606,0.6568730986629207,0.7941607828365804,0.8785720807084817,0.8423827614922563,102228,22549,124777,2.0,5,1.0,1.0,0.4444444444444444,Rust,139,11,solana
solana-labs/obsolete-dontuse-example-webwallet,7,0.6807894260365743,0.5175230867262024,0.27421413957170787,0.34341255575527596,0.5164881403205059,0.5536782877659823,47532,27573,75105,24.0,67,1.0,0.2857142857142857,0.2857142857142857,JavaScript,288,30,solana
solana-labs/platform-tools,7,0.5985221674876847,0.6321211812107921,0.3683436106424479,0.5333809353802214,0.6107203492602474,0.7059961315280464,1767,1034,2801,8.0,156,0.375,0.14285714285714285,0.42857142857142855,Shell,157,35,solana
solana-labs/solana-accountsdb-plugin-postgres,8,0.7776548672566371,0.8613574351978172,0.9285523228273646,0.9632625219255506,0.8648209467745892,0.8479601518026565,8154,2108,10262,1.0,96,1.0,0.25,0.75,Rust,110,68,solana
solana-labs/solana-payments-app,6,0.6658986175115207,0.6467999093244673,0.4484058702020771,0.5083909214557545,0.6505067803965039,0.7289131528002791,331077,251219,582296,5.0,83,0.9545454545454546,0.16666666666666666,0.3333333333333333,TypeScript,52,55,solana
solana-labs/solana,100,0.7837529630883847,,,,,,0,0,0,97.0,312,0.3737745098039216,0.01,0.02,Rust,314,11424,solana
status-im/ens-usernames,9,0.7568438003220612,0.8484811900572352,0.7915793429753989,0.885884771054228,0.8386800579808829,0.8623271693849146,64619,45822,110441,1.0,341,1.0,0.1111111111111111,0.6666666666666666,JavaScript,285,19,ethereum
status-im/ethereumj-personal,18,0.8030392737319914,0.8466277460451845,0.37225628234403324,0.5512563371196468,0.8601161955987868,0.8317917506829211,388196,306323,694519,5.0,49,0.9107142857142857,0.16666666666666666,0.3888888888888889,Java,456,19,ethereum
status-im/nim-confutils,17,0.6642833929151771,0.7316469490072183,0.2288277628784447,0.3414231349177856,0.7713901150919937,0.663877175558848,10314,3613,13927,13.0,322,0.6153846153846154,0.17647058823529413,0.4117647058823529,Nim,274,58,ethereum
status-im/nim-eth-contracts,3,0.4444444444444444,0.6321724709784411,0.92657211455162,0.9621890547263682,0.6414797323888233,0.5822784810126582,847,158,1005,2.0,24,1.0,1.0,0.3333333333333333,Nim,294,12,ethereum
status-im/nimqml,21,0.7513227513227513,0.9239507254844678,0.8783587336536732,0.936963190184049,0.917861735349948,0.9374950993697035,11665,7895,19560,9.0,403,0.4444444444444444,0.09523809523809523,0.42857142857142855,Nim,196,12,ethereum
status-im/status-desktop,74,0.7723073708717,,,,,,0,0,0,25.0,303,0.6666666666666666,0.32432432432432434,0.20270270270270271,QML,198,250,ethereum
status-im/status-go,100,0.7272169312169312,0.9025817649167099,0.13018082712736914,0.2283584980582012,0.8920998114666635,0.9328023868396051,14523161,14485766,29008927,60.0,406,0.32380952380952377,0.25,0.11,Go,401,716,ethereum
steemit/condenser,86,0.8192071586332337,0.9100219290994068,0.18682389198313842,0.3714652332235131,0.9132500488093243,0.9241552460111832,500643,220232,720875,4.0,298,0.8125,0.03488372093023256,0.4186046511627907,JavaScript,405,508,steem
steemit/sbds,3,0.5786163522012578,0.6660015145693028,0.998087199184706,0.9990427202923073,0.6658839473693746,0.6661934338952973,91987,56350,148337,44.0,68,0.4117647058823529,0.6666666666666666,0.3333333333333333,Python,376,37,steem
steemit/steem-uri-spec,2,0.1,0.16079295154185022,0.5517087465310796,0.6607929515418502,0.09590250794772165,0.4808362369337979,2831,574,3405,1.5,2,1.0,0.5,0.5,TypeScript,299,14,steem
stellar/slingshot,13,0.7020882897171556,0.8367331577552619,0.46557568316333475,0.5108707388424565,0.8894869040245096,0.9128315391151132,608766,576710,1185476,11.0,133,0.6363636363636364,0.07692307692307693,0.15384615384615385,Rust,270,401,stella
storj/drpc,14,0.8196948682385575,0.9043698948263609,0.794051929874765,0.88689299169494,0.9000769477905275,0.9183554679147561,36017,12026,48043,1.0,300,1.0,0.07142857142857142,0.5714285714285714,Go,234,1408,storj
storj/storj,100,0.7886991997489409,,,,,,0,0,0,66.5,410,0.45972972972972975,0.17,0.2,Go,307,2834,storj
storj/uplink,70,0.7269727403156384,0.8277248616511825,0.16920347468302643,0.38398303008941703,0.7778173221835746,0.8869709884503952,637178,599835,1237013,66.5,402,0.42984693877551017,0.18571428571428572,0.2571428571428571,Go,221,109,storj
storj/whitepaper,19,0.7787325456498388,0.8878126984904207,0.49206977767486015,0.6711110181937918,0.8757668614320996,0.9071240052331605,107813,83516,191329,1.0,306,1.0,0.05263157894736842,0.5263157894736842,TeX,377,25,storj
stratisproject/HashLib,2,0.3,0.16438631563916217,0.5540457215388365,0.6643863156391622,0.0013972821381941644,0.4953887991171718,354617,177611,532228,21.5,42,0.5833333333333334,1.0,0.5,C#,328,15,stratis
subquery/subql,63,0.89245868339945,0.9014099266320261,0.17884845802611654,0.33802126212149813,0.9054252073128066,0.9082982601355862,561189,334018,895207,1.0,224,1.0,0.2222222222222222,0.6190476190476191,TypeScript,166,15837,polkadot
sushiswap/sushiswap-exchange,36,0.8213133978305482,0.8709966672175398,0.20228743570085606,0.33516360932077344,0.8412325802227111,0.9044687410328246,208631,194769,403400,1.0,137,1.0,0.2777777777777778,0.6111111111111112,TypeScript,180,23,ethereum
Synthetixio/codegen-graph-ts,3,0.4093567251461988,0.6605035481675902,0.9859059396033745,0.9929133858267717,0.6619437375335305,0.6524686620619085,29078,5212,34290,2.0,18,1.0,1.0,0.3333333333333333,TypeScript,123,21,synthetix
Synthetixio/synthetix-js,13,0.707274625826662,0.7539802255328099,0.2876696548262775,0.4078907239915343,0.7629698504959069,0.7453675669894729,1389769,1216988,2606757,2.0,164,1.0,0.07692307692307693,0.46153846153846156,JavaScript,286,63,synthetix
Synthetixio/synthetix-website,22,0.6591591591591591,0.843931940146813,0.27825006781353306,0.35056301642118814,0.8431567778626602,0.8524790813948473,321300,349906,671206,16.5,134,0.26406926406926406,0.18181818181818182,0.3181818181818182,TypeScript,184,15,synthetix
Synthetixio/synthetix,44,0.7769211286910402,0.7533117496727934,0.09862112500739371,0.18074791808815258,0.7225850043188886,0.809708280171947,6203511,4304859,10508370,40.5,224,0.4332638164754953,0.11363636363636363,0.20454545454545456,JavaScript,325,1162,synthetix
telcoin/plaid,4,0.6195652173913043,0.5661722488038278,0.6292733957555917,0.7816267942583732,0.5229951319497822,0.6947806354009077,3903,1322,5225,4.0,87,0.5,0.25,0.25,Rust,174,17,telcoin
terra-money/hive-graph,10,0.635483870967742,0.7868612661603419,0.47782462944858484,0.6550020261702767,0.7713065428564989,0.827662620603797,44369,32130,76499,1.5,31,1.0,0.7,0.5,TypeScript,132,17,terra
terra-money/station-desktop,6,0.36363636363636365,0.7938064114534703,0.8059225669760841,0.8918865791930808,0.8004141263085242,0.7891643788606726,17386,23312,40698,27.5,104,0.17410714285714285,0.16666666666666666,0.3333333333333333,JavaScript,239,27,terra
tezos/tezos-explorer,2,0.1,0.21298593879239042,0.5907260202465516,0.7129859387923904,0.11880559085133419,0.3886255924170616,787,422,1209,1.5,2,1.0,1.0,0.5,Makefile,366,12,tezos
thetatoken/theta-eth-rpc-adaptor,4,0.47289156626506024,0.5864993215739485,0.635544908087667,0.7828534097190814,0.5514083392673471,0.6668732782369146,12639,7260,19899,40.0,241,0.4375,0.25,0.25,Go,146,25,
thetatoken/theta-infrastructure-ledger-explorer,8,0.8275264873675632,0.7781587309997638,0.5777748721157617,0.7386557870547532,0.7659645119972891,0.7912295824049528,790887,737844,1528731,14.0,403,0.7431761786600496,0.125,0.25,JavaScript,311,57,
thetatoken/theta-nft-demo,2,0.25,0.32155272305909616,0.7067923074134397,0.8215527230590962,0.38360450563204007,0.453125,799,64,863,1.0,1,1.0,0.5,1.0,Solidity,150,10,
tronprotocol/grpc-gateway,81,0.7502578949119829,0.9759711012045188,0.8038959577398755,0.8953175726722774,0.9788825953474978,0.9199952154412706,1214041,55322,1269363,1.0,132,1.0,0.48148148148148145,0.5555555555555556,Go,306,55,tron
trufflesuite/truffle-compile,9,0.6500519210799585,0.7591522157996147,0.4891566846269901,0.668297020898177,0.7809560132214595,0.7216677755599912,1748,501,2249,2.0,48,1.0,0.4444444444444444,0.4444444444444444,JavaScript,371,23,ethereum
trufflesuite/truffle-init-default,5,0.3619047619047619,0.4568421052631579,0.3519390581717451,0.5184210526315789,0.5542662116040956,0.5057471264367817,293,87,380,11.0,30,0.18181818181818182,0.2,0.4,JavaScript,368,21,ethereum
trufflesuite/trufflesuite.github.io,37,0.7541454497976237,0.9251084624591076,0.3317743136294476,0.4236025013964768,0.9359867347404627,0.9200121255725187,123729,96468,220197,1.0,54,1.0,0.02702702702702703,0.8108108108108109,HTML,388,33,ethereum
Uniswap/swap-router-contracts,13,0.7592215013901761,0.7352998858283063,0.2743486027916153,0.3693230505569837,0.7238035393243017,0.7957082973074932,61698,32829,94527,2.0,74,1.0,0.07692307692307693,0.46153846153846156,TypeScript,127,108,uniswap
Uniswap/sybil-interface,49,0.8506139297824393,0.9099656473885235,0.21082455346874635,0.2931699024086379,0.8972775171665407,0.9278708445600751,231246,231090,462336,1.0,204,1.0,0.14285714285714285,0.6938775510204082,TypeScript,176,71,uniswap
Uniswap/v1-interface,35,0.7680289330922242,0.9001778086768634,0.31973719168338083,0.5160002800924305,0.8765299821157903,0.9332218210180354,106878,121618,228496,1.0,123,1.0,0.42857142857142855,0.6857142857142857,JavaScript,190,16,uniswap
unlock-protocol/locked.fyi,3,0.35333333333333333,0.35918846180387826,0.5028797692678164,0.5389502844129854,0.46649693479422044,0.4724421926148329,122939,79935,202874,20.0,26,0.7,0.6666666666666666,0.3333333333333333,JavaScript,210,21,
vechain/crowdsale-contracts,5,0.6086956521739131,0.6795150761579111,0.6846704091538878,0.8197078023002797,0.7245394252026529,0.5065606361829026,2714,503,3217,1.0,23,1.0,0.6,0.6,JavaScript,342,24,thor
vechain/thor-sync,2,0.42857142857142855,0.49033816425120774,0.9808630306424886,0.9903381642512077,0.4831932773109244,0.5,119,88,207,20.5,40,0.575,0.5,0.5,,296,19,thor
vechain/VIPs,17,0.5186074429771909,0.5627507843384485,0.1296414362935927,0.24423149665868113,0.516889504480312,0.8111931976582102,6243,1688,7931,8.0,355,0.42857142857142855,0.17647058823529413,0.35294117647058826,,287,25,thor
vyperlang/learn,24,0.6735008818342152,0.9200926836845648,0.8281441670933136,0.909516905711179,0.9182839351332321,0.9360490714056996,30298,8328,38626,1.0,138,1.0,0.08333333333333333,0.8333333333333334,Vyper,102,23,tools
w3f/polkadot-validator-setup,20,0.8817480719794345,0.9086506953481445,0.631298766676594,0.7835562314795942,0.9054938607286986,0.9132584425490604,34939,28842,63781,1.0,67,1.0,0.2,0.55,JavaScript,238,216,polkadot
WalletConnect/walletconnect-registry,22,0.8322399250234301,0.9507662901445285,0.9738943868458994,0.9868365775101526,0.9515841941389493,0.9506465860710789,34015,15972,49987,1.0,48,1.0,0.7272727272727273,0.6818181818181818,JavaScript,158,109,tools
WalletConnect/WalletConnectSharp,10,0.6342105263157894,0.7487330202210535,0.38205411258023625,0.4607906553796252,0.7650899836947411,0.7425160787370882,65623,41048,106671,4.5,116,0.8,0.2,0.3,C#,166,134,tools
WalletConnect/WalletConnectSwift-Example,2,0.3333333333333333,0.20512820512820512,0.5841551610782381,0.7051282051282052,0.10344827586206896,0.5,58,20,78,1.0,1,1.0,1.0,1.0,Swift,119,27,tools
XYOracleNetwork/sdk-xyo-client-swift,3,0.48212801330008315,0.3568959351531768,0.5023576872921119,0.5355227083084992,0.33841862680068713,0.38284254018294284,19599,13957,33556,6.0,198,1.0,0.6666666666666666,0.3333333333333333,Swift,148,24,xyo
zcash/zcash-docs,2,0.0,0.25,0.625,0.75,0.1,0.5,5,3,8,1.0,1,1.0,0.5,1.0,,379,29,zcash
Zilliqa/gozilliqa-sdk,10,0.8478260869565217,0.8605921505623135,0.838888256686127,0.914820977736975,0.8631664308637289,0.8629402756508423,28979,5877,34856,1.0,130,1.0,0.1,0.6,Go,232,33,zilliqa
Zilliqa/Zilliqa-ERC20-Token,3,0.38095238095238093,0.6627756160830091,0.989352128722615,0.9946498054474708,0.6647135416666666,0.375,4096,16,4112,1.0,2,1.0,1.0,0.6666666666666666,JavaScript,319,21,zilliqa
